"","HK/1/68","HK/107/71","BI/21793/72","EN/42/72","PC/1/73","BI/5930/74","SL/840/74","VI/3A/75","VI/3C/75","AM/1609/77","TE/1A/77","TE/1B/77","BI/2461/78","BA/1/79","BA/2/79","EN/496/80","NL/209/80","RD/577/80","SH/31/80","NL/233/82","NL/241/82","PH/2/82","PH/2V/82","CE/1A/84","CE/1B/84","CC/4/85","NL/330/85","NL/333/85","ST/10/85","WE/4/85","CO/2/86","LE/360/86","SH/11/87","SI/2/87","VI/7/87","NL/450/88","BE/353/89","GU/54/89","NL/620/89","HK/34/90","VI/2/90","LY/1149/91","BE/32A/92","BE/32V/92","BE/32B/92","GD/25/93","MA/G252/93","OS/2352/93","SD/9/93","JO/33/94","NL/18/94","PR/413/94","FI/338/95","GE/A9509/95","LY/2279/95","NA/933/95","NL/1/95","NL/47/95","NL/218/95","WU/359B/95","BR/8/96","NL/172/96","SP/1/96","AU/10/97","NL/286/97","SY/5A/97","SY/5B/97","SY/5HAY/97","SY/5V/97","NL/5/98","MW/10/99","PM/2007/99","NL/118/01","NL/124/01","NL/126/01","FU/411/02","NL/1/02","NL/22/03","NL/88/03"
"BI/15793/68","354","*","*","501","109","*","*","63","*","*","*","*","*","<10","*","<10","*","*","*","*","*","<10","*","*","*","*","<10","*","*","<10","*","<10","*","*","*","*","*","*","*","*","*","*","*","*","*","*","*","*","*","*","*","*","*","*","*","*","*","*","*","*","*","*","*","*","*","*","*","*","*","*","*","*","*","*","*","*","*","*","*"
"BI/16190/68","640","*","640","320","80","320","40","40","*","<10","*","*","<10","*","*","*","<10","<10","*","<10","<10","*","*","*","*","*","<10","*","<10","*","*","*","*","*","*","*","*","*","*","*","<10","<10","*","*","*","*","<10","*","*","*","*","*","*","*","*","*","<10","*","<10","*","*","<10","*","*","*","*","*","*","*","*","*","*","*","*","*","*","*","*","*"
"BI/16398/68","1163","*","*","1163","291","*","73","89","<20","<20","<20","35","<20","*","<20","<20","*","*","*","*","*","*","*","*","<20","*","*","*","*","*","<20","*","*","*","<20","*","<20","*","*","*","*","*","*","*","*","*","*","*","*","*","*","*","*","*","*","*","*","*","*","*","*","*","*","*","*","*","*","*","*","*","*","*","*","*","*","*","*","*","*"
"HK/1/68","1280","1280","*","2560","53","*","<10","*","<10","*","*","<10","*","<10","*","*","*","*","*","*","*","*","<10","*","*","*","*","*","*","*","*","<10","<10","*","*","*","*","*","*","*","*","*","*","<10","*","<10","*","*","*","<10","<10","*","*","*","<10","<10","<10","<10","<10","*","*","<10","<10","<10","<10","*","*","*","<10","<10","*","*","*","*","*","*","*","*","*"
"BI/808/69","320","*","*","640","120","*","80","160","*","*","*","*","*","*","*","*","*","*","*","*","*","*","*","*","*","*","*","*","*","*","*","<10","*","*","*","*","*","*","*","*","*","*","*","*","*","*","*","*","*","*","*","*","*","*","*","*","*","*","*","*","*","*","*","*","*","*","*","*","*","*","*","*","*","*","*","*","*","*","*"
"BI/908/69","1280","*","*","640","80","*","40","57","<20","<20","<20","60","<20","*","<20","<20","*","*","*","*","*","*","*","*","<20","*","*","*","*","*","<20","<10","*","*","<20","*","<20","*","*","*","*","*","*","*","*","*","*","*","*","*","*","*","*","*","*","*","*","*","*","*","*","*","*","*","*","*","*","*","*","*","*","*","*","*","*","*","*","*","*"
"BI/17938/69","554","*","*","453","113","*","42","46","<20","<20","*","25","<20","<10","<20","<10","*","*","*","*","*","<10","*","*","<20","*","<10","*","*","*","<20","<10","*","*","<20","*","<20","*","*","*","*","*","*","*","*","*","*","*","*","*","*","*","*","*","*","*","*","*","*","*","*","*","*","*","*","*","*","*","*","*","*","*","*","*","*","*","*","*","*"
"BI/93/70","1109","*","*","640","*","*","57","46","<20","<20","*","<20","<20","<10","<20","<10","*","*","*","*","*","<10","*","*","<20","*","<10","*","*","*","<20","<10","*","*","<20","*","<20","*","*","*","*","*","*","*","*","*","*","*","*","*","*","*","*","*","*","*","*","*","*","*","*","*","*","*","*","*","*","*","*","*","*","*","*","*","*","*","*","*","*"
"BI/2668/70","320","*","*","320","80","*","24","46","<20","<20","<10","<20","<20","<10","<20","<10","*","*","*","*","*","<10","*","*","<20","*","<10","*","*","*","<20","<10","*","*","<20","*","<20","*","*","*","*","*","*","*","*","*","*","*","*","*","*","*","*","*","*","*","*","*","*","*","*","*","*","*","*","*","*","*","*","*","*","*","*","*","*","*","*","*","*"
"BI/6449/71","165","*","*","392","57","*","*","35","<20","<20","<10","<20","<20","<10","<20","<10","*","*","*","*","*","<10","*","*","<20","*","<10","*","<20","<10","<20","<10","*","*","<20","*","<20","*","*","*","*","*","*","*","*","*","*","*","*","*","*","*","*","*","*","*","*","*","*","*","*","*","*","*","*","*","*","*","*","*","*","*","*","*","*","*","*","*","*"
"BI/21438/71","905","*","*","905","139","*","98","89","<20","<20","*","40","<20","<10","<20","<10","*","*","*","*","*","<10","*","*","<20","*","<10","*","<20","*","<20","<10","*","*","<20","*","<20","*","*","*","*","*","*","*","*","*","*","*","*","*","*","*","*","*","*","*","*","*","*","*","*","*","*","*","*","*","*","*","*","*","*","*","*","*","*","*","*","*","*"
"BI/21801/71","905","*","*","905","160","*","98","87","<20","<20","*","35","<20","<10","<20","<10","*","*","*","*","*","<10","*","*","<20","*","<10","*","<20","*","<20","<10","*","*","<20","*","<20","*","*","*","*","*","*","*","*","*","*","*","*","*","*","*","*","*","*","*","*","*","*","*","*","*","*","*","*","*","*","*","*","*","*","*","*","*","*","*","*","*","*"
"HK/107/71","*","5120","*","320","1280","*","320","*","<10","*","*","<10","*","<10","*","*","*","*","*","*","*","*","<10","*","*","*","*","*","*","*","*","<10","<10","<10","*","*","<10","<10","*","*","*","*","*","<10","*","*","*","*","*","<10","*","*","*","*","*","*","*","*","*","*","*","*","*","*","*","*","*","*","*","*","*","*","*","*","*","*","*","*","*"
"BI/6022/72","453","*","*","905","226","*","226","184","<20","<20","*","80","<20","<10","<20","<10","*","*","*","*","*","<10","*","*","<20","*","<10","*","<20","*","<20","<10","*","*","<20","*","<20","*","*","*","*","*","*","*","*","*","*","*","*","*","*","*","*","*","*","*","*","*","*","*","*","*","*","*","*","*","*","*","*","*","*","*","*","*","*","*","*","*","*"
"BI/21793/72","80","*","1280","1280","1280","1280","640","160","*","<10","40","*","<10","<10","*","<10","<10","<10","*","<10","<10","<10","*","*","*","*","<10","*","<10","<10","*","*","*","*","*","<10","*","*","*","*","<10","<10","*","*","*","*","<10","*","*","*","*","*","*","*","*","*","<10","*","<10","*","*","<10","*","*","*","*","*","*","*","*","*","*","*","*","*","*","*","*","*"
"BI/23290/72","80","*","*","640","640","*","320","226","80","<20","*","160","<20","*","<20","<20","*","*","*","*","*","*","*","*","<20","*","*","*","<20","<20","<20","*","*","*","<20","*","<20","*","*","*","*","*","*","*","*","*","*","*","*","*","*","*","*","*","*","*","*","*","*","*","*","*","*","*","*","*","*","*","*","*","*","*","*","*","*","*","*","*","*"
"BI/23337/72","80","*","*","640","640","*","320","226","80","<20","*","160","<20","*","<20","<20","*","*","*","*","*","*","*","*","<20","*","*","*","<20","<20","<20","*","*","*","<20","*","<20","*","*","*","*","*","*","*","*","*","*","*","*","*","*","*","*","*","*","*","*","*","*","*","*","*","*","*","*","*","*","*","*","*","*","*","*","*","*","*","*","*","*"
"EN/42/72","*","80","*","5120","1280","*","640","*","160","*","*","<10","*","<10","*","*","*","*","*","*","*","*","<10","*","*","*","*","*","*","*","*","<10","<10","<10","*","*","<10","<10","*","*","*","*","*","<10","*","*","*","*","*","<10","*","*","*","*","*","*","*","*","*","*","*","*","*","*","*","*","*","*","*","*","*","*","*","*","*","*","*","*","*"
"BI/552/73","160","*","*","640","1280","*","640","226","80","20","*","200","20","*","<20","<20","*","*","*","*","*","*","*","*","<20","*","*","*","<20","<20","20","*","*","*","<20","*","<20","*","*","*","*","*","*","*","*","*","*","*","*","*","*","*","*","*","*","*","*","*","*","*","*","*","*","*","*","*","*","*","*","*","*","*","*","*","*","*","*","*","*"
"BI/748/73","52","*","*","640","1280","*","291","135","50","<20","*","160","<20","<10","<20","<10","*","*","*","*","*","<10","*","*","<20","<10","<10","*","<20","<10","<20","<10","*","*","<20","*","<20","*","*","*","*","*","*","*","*","*","*","*","*","*","*","*","*","*","*","*","*","*","*","*","*","*","*","*","*","*","*","*","*","*","*","*","*","*","*","*","*","*","*"
"BI/3517/73","80","*","*","1280","1280","*","320","101","40","<20","*","160","<20","<10","<20","<10","*","*","*","*","*","<10","*","*","<20","*","<10","*","<20","<10","<20","*","*","*","<20","*","<20","*","*","*","*","*","*","*","*","*","*","*","*","*","*","*","*","*","*","*","*","*","*","*","*","*","*","*","*","*","*","*","*","*","*","*","*","*","*","*","*","*","*"
"PC/1/73","68","<10","*","640","1227","*","640","*","320","*","*","80","*","<10","*","*","*","*","*","*","*","*","*","*","*","*","*","*","*","*","*","<10","<10","*","*","*","*","<10","*","*","*","*","*","<10","*","<10","*","*","*","<10","<10","*","*","*","<10","<10","<10","<10","<10","*","*","<10","<10","<10","<10","*","*","*","<10","<10","*","*","*","*","*","*","*","*","*"
"BI/5146/74","40","*","*","320","640","*","640","80","*","*","16","*","*","<10","*","<10","*","*","*","*","*","<10","*","*","*","*","<10","*","*","<10","*","*","*","*","*","*","*","*","*","*","*","*","*","*","*","*","*","*","*","*","*","*","*","*","*","*","*","*","*","*","*","*","*","*","*","*","*","*","*","*","*","*","*","*","*","*","*","*","*"
"BI/5930/74","40","*","640","320","2560","1280","160","160","*","<10","40","*","<10","*","*","*","<10","<10","*","<10","<10","*","*","*","*","*","<10","*","<10","*","*","*","*","*","*","<10","*","*","*","*","<10","<10","*","*","*","*","<10","*","*","*","*","*","*","*","*","*","<10","*","<10","*","*","<10","*","*","*","*","*","*","*","*","*","*","*","*","*","*","*","*","*"
"BI/5931/74","16","*","*","291","905","*","80","320","*","*","24","*","*","<10","*","<10","*","*","*","*","*","<10","*","*","*","*","<10","*","*","<10","*","<10","*","*","*","*","*","*","*","*","*","*","*","*","*","*","*","*","*","*","*","*","*","*","*","*","*","*","*","*","*","*","*","*","*","*","*","*","*","*","*","*","*","*","*","*","*","*","*"
"BI/7398/74","20","*","*","320","2560","*","320","80","*","*","20","*","*","*","*","*","*","*","*","*","*","*","*","*","*","*","*","*","*","*","*","*","*","*","*","*","*","*","*","*","*","*","*","*","*","*","*","*","*","*","*","*","*","*","*","*","*","*","*","*","*","*","*","*","*","*","*","*","*","*","*","*","*","*","*","*","*","*","*"
"BI/9459/74","60","*","*","392","2560","*","320","254","160","20","*","160","<20","<10","<20","<10","*","*","*","*","*","<10","*","*","<20","*","<10","*","<20","<10","20","*","*","*","<20","*","<20","*","*","*","*","*","*","*","*","*","*","*","*","*","*","*","*","*","*","*","*","*","*","*","*","*","*","*","*","*","*","*","*","*","*","*","*","*","*","*","*","*","*"
"BI/334/75","<10","*","*","320","1280","*","160","160","*","*","20","*","*","<10","*","<10","*","*","*","*","*","<10","*","*","*","*","<10","*","*","<10","*","*","*","*","*","*","*","*","*","*","*","*","*","*","*","*","*","*","*","*","*","*","*","*","*","*","*","*","*","*","*","*","*","*","*","*","*","*","*","*","*","*","*","*","*","*","*","*","*"
"BI/1843/75","40","*","*","160","1280","*","160","160","*","*","40","*","*","*","*","*","*","*","*","*","*","*","*","*","*","*","*","*","*","*","*","*","*","*","*","*","*","*","*","*","*","*","*","*","*","*","*","*","*","*","*","*","*","*","*","*","*","*","*","*","*","*","*","*","*","*","*","*","*","*","*","*","*","*","*","*","*","*","*"
"BI/2600/75","80","*","*","320","1280","*","2560","40","*","*","40","*","*","*","*","*","*","*","*","*","*","*","*","*","*","*","*","*","*","*","*","*","*","*","*","*","*","*","*","*","*","*","*","*","*","*","*","*","*","*","*","*","*","*","*","*","*","*","*","*","*","*","*","*","*","*","*","*","*","*","*","*","*","*","*","*","*","*","*"
"BI/2813/75","40","*","320","320","1280","1280","160","80","*","<10","80","*","<10","*","*","*","<10","<10","*","<10","<10","*","*","*","*","*","<10","*","<10","*","*","*","*","*","*","<10","*","*","*","*","<10","<10","*","*","*","*","<10","*","*","*","*","*","*","*","*","*","<10","*","<10","*","*","<10","*","*","*","*","*","*","*","*","*","*","*","*","*","*","*","*","*"
"BI/4273/75","40","*","*","320","640","*","2560","40","*","*","32","*","*","<10","*","<10","*","*","*","*","*","<10","*","*","*","*","<10","*","*","<10","*","*","*","*","*","*","*","*","*","*","*","*","*","*","*","*","*","*","*","*","*","*","*","*","*","*","*","*","*","*","*","*","*","*","*","*","*","*","*","*","*","*","*","*","*","*","*","*","*"
"VI/3/75","*","<10","*","320","1280","*","320","*","2560","*","*","320","*","<10","*","*","*","*","*","*","*","*","40","*","*","*","*","*","*","*","*","40","*","*","*","*","<10","*","*","*","*","*","*","<10","*","*","*","*","*","<10","*","*","*","*","*","*","*","*","*","*","*","*","*","*","*","*","*","*","*","*","*","*","*","*","*","*","*","*","*"
"BI/628/76","<10","*","*","120","320","*","80","80","*","*","1280","*","*","40","*","480","*","*","*","*","*","240","*","*","*","*","480","*","*","480","*","*","*","*","*","*","*","*","*","*","*","*","*","*","*","*","*","*","*","*","*","*","*","*","*","*","*","*","*","*","*","*","*","*","*","*","*","*","*","*","*","*","*","*","*","*","*","*","*"
"BI/1761/76","<10","*","*","320","320","*","160","1016","1280","1280","80","320","80","<10","<20","*","*","*","*","*","*","80","*","*","20","*","80","*","80","160","320","*","*","*","<20","*","<20","*","*","*","*","*","*","*","*","*","*","*","*","*","*","*","*","*","*","*","*","*","*","*","*","*","*","*","*","*","*","*","*","*","*","*","*","*","*","*","*","*","*"
"BI/2271/76","<10","*","*","120","640","*","160","160","*","*","2032","*","*","80","*","480","*","*","*","*","*","320","*","*","*","*","640","*","*","640","*","*","*","*","*","*","*","*","*","*","*","*","*","*","*","*","*","*","*","*","*","*","*","*","*","*","*","*","*","*","*","*","*","*","*","*","*","*","*","*","*","*","*","*","*","*","*","*","*"
"BI/5029/76","<10","*","*","160","160","*","40","905","1920","1280","80","320","80","*","100","<20","*","*","*","*","*","*","*","*","<20","*","*","*","80","160","320","*","*","*","<20","*","<20","*","*","*","*","*","*","*","*","*","*","*","*","*","*","*","*","*","*","*","*","*","*","*","*","*","*","*","*","*","*","*","*","*","*","*","*","*","*","*","*","*","*"
"BI/5168/76","<10","*","*","160","640","*","80","1280","*","*","80","*","*","*","*","*","*","*","*","*","*","*","*","*","*","*","*","*","*","*","*","*","*","*","*","*","*","*","*","*","*","*","*","*","*","*","*","*","*","*","*","*","*","*","*","*","*","*","*","*","*","*","*","*","*","*","*","*","*","*","*","*","*","*","*","*","*","*","*"
"BI/5657/76","<10","*","*","160","320","*","80","905","1280","1280","98","320","80","*","160","<20","*","*","*","*","*","*","*","*","20","*","*","*","80","200","240","*","*","*","<20","*","<20","*","*","*","*","*","*","*","*","*","*","*","*","*","*","*","*","*","*","*","*","*","*","*","*","*","*","*","*","*","*","*","*","*","*","*","*","*","*","*","*","*","*"
"BI/6545/76","*","*","*","210","320","*","80","905","1280","1600","61","320","80","<10","100","*","*","*","*","*","*","80","*","*","20","40","80","*","80","113","320","80","*","*","<20","*","<20","*","*","*","*","*","*","*","*","*","*","*","*","*","*","*","*","*","*","*","*","*","*","*","*","*","*","*","*","*","*","*","*","*","*","*","*","*","*","*","*","*","*"
"AM/1609/77","10","*","160","320","320","640","80","2560","*","2560","105","*","<10","<10","*","80","320","<10","*","80","320","160","*","*","*","*","139","*","160","160","*","*","*","*","*","<10","*","*","*","*","<10","<10","*","*","*","*","<10","*","*","*","*","*","*","*","*","*","<10","*","<10","*","*","<10","*","*","*","*","*","*","*","*","*","*","*","*","*","*","*","*","*"
"BI/3895/77","10","*","*","320","320","*","160","1016","1120","1280","77","320","80","<10","160","*","*","*","*","*","*","120","*","*","20","*","120","*","80","160","320","*","*","*","<20","*","<20","*","*","*","*","*","*","*","*","*","*","*","*","*","*","*","*","*","*","*","*","*","*","*","*","*","*","*","*","*","*","*","*","*","*","*","*","*","*","*","*","*","*"
"RD/5828/77","60","*","*","320","320","*","320","905","640","1280","179","120","70","*","20","<20","*","*","*","*","*","*","*","*","20","*","*","*","20","40","40","*","*","*","20","*","*","*","*","*","*","*","*","*","*","*","*","*","*","*","*","*","*","*","*","*","*","*","*","*","*","*","*","*","*","*","*","*","*","*","*","*","*","*","*","*","*","*","*"
"RD/8179/77","40","*","*","320","640","*","160","1197","1280","2560","126","320","100","*","80","<20","*","*","*","*","*","*","*","*","<20","*","*","*","80","160","320","*","*","*","<20","*","<20","*","*","*","*","*","*","*","*","*","*","*","*","*","*","*","*","*","*","*","*","*","*","*","*","*","*","*","*","*","*","*","*","*","*","*","*","*","*","*","*","*","*"
"TE/1/77","*","<10","*","80","320","*","<10","*","320","*","248","2560","*","254","*","1280","*","*","*","*","*","496","320","*","*","*","453","320","*","453","*","320","40","<10","*","*","<10","<10","*","*","*","*","*","<10","*","*","*","*","*","<10","*","*","*","*","*","*","*","*","*","*","*","*","*","*","*","*","*","*","*","*","*","*","*","*","*","*","*","*","*"
"BA/1/79","*","<10","*","<10","<10","*","<10","*","<10","*","320","1280","*","640","*","1280","*","*","*","*","1280","905","160","640","80","*","640","320","*","1055","*","226","40","40","*","320","<10","<10","*","*","*","*","*","<10","*","*","*","*","*","<10","*","*","*","*","*","*","*","*","*","*","*","*","*","*","*","*","*","*","*","*","*","*","*","*","*","*","*","*","*"
"NL/209/80","<10","*","<10","15","*","80","<10","57","560","226","421","2560","3620","302","1016","*","2560","5120","640","1280","2560","844","*","*","240","960","1016","*","1431","1280","10240","640","*","80","25","*","20","*","*","*","<10","<10","*","*","*","*","<10","*","*","*","*","*","*","*","*","*","<10","*","<10","*","*","<10","*","*","*","*","*","*","*","*","*","*","*","*","*","*","*","*","*"
"RD/577/80","<10","*","<10","10","*","80","<10","53","640","320","716","2560","2449","226","905","2032","5120","2560","640","2560","2560","842","*","*","179","1120","1016","*","1280","972","8095","960","*","80","28","*","<20","*","*","*","<10","<10","*","*","*","*","<10","*","*","*","*","*","*","*","*","*","<10","*","<10","*","*","<10","*","*","*","*","*","*","*","*","*","*","*","*","*","*","*","*","*"
"BI/4791/81","*","*","*","*","*","*","*","*","*","*","640","2560","*","453","1280","1810","*","*","640","*","*","905","*","*","*","*","*","*","*","2560","*","*","*","*","*","1280","*","*","*","*","*","*","*","*","*","*","*","*","*","*","*","*","*","*","*","*","*","*","*","*","*","*","*","*","*","*","*","*","*","*","*","*","*","*","*","*","*","*","*"
"LY/2380/81","*","*","*","*","*","*","*","*","*","*","*","5120","*","1280","2560","5120","*","*","*","*","*","2560","*","*","*","*","*","*","*","5120","*","*","*","*","*","2560","*","*","*","*","*","*","*","*","*","*","*","*","*","*","*","*","*","*","*","*","*","*","*","*","*","*","*","*","*","*","*","*","*","*","*","*","*","*","*","*","*","*","*"
"AL/4382/82","*","*","*","*","*","*","*","*","*","*","*","10240","*","1280","2560","5120","*","*","*","*","*","5120","*","*","*","*","*","*","*","5120","*","*","*","*","*","1280","*","*","*","*","*","*","*","*","*","*","*","*","*","*","*","*","*","*","*","*","*","*","*","*","*","*","*","*","*","*","*","*","*","*","*","*","*","*","*","*","*","*","*"
"BI/10684/82","*","*","*","*","*","*","*","*","*","*","1280","2560","*","453","905","3620","*","*","960","*","*","1280","*","*","*","*","*","*","*","2560","*","*","*","*","*","640","*","*","*","*","*","*","*","*","*","*","*","*","*","*","*","*","*","*","*","*","*","*","*","*","*","*","*","*","*","*","*","*","*","*","*","*","*","*","*","*","*","*","*"
"NL/233/82","*","*","<10","*","*","<10","*","20","200","226","*","640","905","*","640","640","1280","1280","*","2560","5120","*","*","*","120","*","2560","*","905","960","2560","*","*","*","40","40","20","*","*","*","<10","<10","*","*","*","*","<10","*","*","*","*","*","*","*","*","*","<10","*","<10","*","*","<10","*","*","*","*","*","*","*","*","*","*","*","*","*","*","*","*","*"
"NL/241/82","*","*","<10","*","*","<10","*","40","320","172","200","1280","972","*","1120","1280","2560","640","*","1280","2560","*","*","*","113","*","1280","*","1280","1280","3620","*","*","*","40","80","35","*","*","*","<10","<10","*","*","*","*","<10","*","*","*","*","*","*","*","*","*","<10","*","<10","*","*","<10","*","*","*","*","*","*","*","*","*","*","*","*","*","*","*","*","*"
"PH/2/82","<10","<10","*","<10","<10","*","<10","*","<10","*","*","640","*","*","*","196","*","*","*","*","2560","*","2480","640","40","*","784","640","*","462","*","226","80","190","*","320","<10","<10","*","*","*","*","*","<10","*","<10","*","*","*","<10","<10","*","*","*","<10","<10","<10","<10","<10","*","*","<10","<10","<10","<10","*","*","*","<10","<10","*","*","*","*","*","*","*","*","*"
"OS/13676/83","*","*","*","*","*","*","*","*","*","*","*","2560","*","640","1280","5120","*","*","*","*","*","2560","*","*","*","*","*","*","*","2560","*","*","*","*","*","1280","*","*","*","*","*","*","*","*","*","*","*","*","*","*","*","*","*","*","*","*","*","*","*","*","*","*","*","*","*","*","*","*","*","*","*","*","*","*","*","*","*","*","*"
"CE/1/84","*","*","*","*","*","*","*","*","*","*","320","*","*","40","*","*","*","*","*","*","*","160","*","1280","640","*","*","1280","*","*","*","320","*","*","*","640","*","*","*","*","*","*","*","*","*","*","*","*","*","*","*","*","*","*","*","*","*","*","*","*","*","*","*","*","*","*","*","*","*","*","*","*","*","*","*","*","*","*","*"
"GF/V728/85","*","*","*","*","*","*","*","*","*","*","80","*","*","40","*","240","*","*","*","*","*","320","*","*","*","*","1280","*","*","1280","*","*","*","*","*","*","*","*","*","*","*","*","*","*","*","*","*","*","*","*","*","*","*","*","*","*","*","*","*","*","*","*","*","*","*","*","*","*","*","*","*","*","*","*","*","*","*","*","*"
"NL/330/85","*","*","<10","*","*","<10","*","20","160","*","160","320","441","40","640","506","640","320","*","320","1280","1280","*","*","277","*","1810","*","1431","2395","8868","*","*","*","113","320","25","*","*","*","<10","<10","*","*","*","*","<10","*","*","*","*","*","*","*","*","*","<10","*","<10","*","*","<10","*","*","*","*","*","*","*","*","*","*","*","*","*","*","*","*","*"
"NL/333/85","*","*","*","*","*","*","*","*","*","*","320","1280","*","40","*","*","*","*","*","*","160","160","*","1280","320","*","*","1280","*","2560","*","320","*","*","*","1280","*","*","*","*","*","*","*","*","*","*","*","*","*","*","*","*","*","*","*","*","*","*","*","*","*","*","*","*","*","*","*","*","*","*","*","*","*","*","*","*","*","*","*"
"ST/10/85","*","*","<10","*","*","<10","*","40","80","*","*","320","358","*","640","320","640","320","*","320","2560","*","*","*","400","*","2560","*","3620","2560","8960","*","*","*","640","640","160","*","*","*","<10","80","*","*","*","*","<10","*","*","*","*","*","*","*","*","*","<10","*","<10","*","*","<10","*","*","*","*","*","*","*","*","*","*","*","*","*","*","*","*","*"
"WE/4/85","<10","*","*","<10","*","*","<10","20","*","*","139","*","*","50","*","333","*","*","*","*","*","557","*","*","*","640","905","640","*","2153","*","1920","*","320","554","1280","*","*","*","*","*","*","*","*","*","*","*","*","*","*","*","*","*","*","*","*","*","*","*","*","*","*","*","*","*","*","*","*","*","*","*","*","*","*","*","*","*","*","*"
"CO/2/86","<10","*","<10","<10","*","<10","<10","28","120","*","160","400","226","34","960","386","640","320","*","320","2560","571","*","*","100","640","1280","640","3620","2382","10240","2560","*","120","318","1280","160","*","*","*","<10","80","*","*","*","*","<10","*","*","*","*","*","*","*","*","*","<10","*","<10","*","*","<10","*","*","*","*","*","*","*","*","*","*","*","*","*","*","*","*","*"
"LE/360/86","*","<10","*","<10","<10","*","<10","*","<10","*","113","*","*","*","*","160","*","*","*","*","160","320","160","160","40","*","453","320","*","1786","*","640","320","57","160","905","<10","80","*","*","*","*","*","<10","*","*","*","*","*","*","*","*","*","*","*","*","*","*","*","*","*","*","*","*","*","*","*","*","*","*","*","*","*","*","*","*","*","*","*"
"SH/11/87","*","<10","*","<10","<10","*","<10","*","<10","*","*","<10","*","<10","*","*","*","*","*","*","*","*","<10","*","*","*","160","*","*","970","320","80","1613","905","320","3880","67","*","640","*","160","*","*","<10","*","*","*","*","*","<10","*","*","*","*","*","*","*","*","*","*","*","*","*","*","*","*","*","*","*","*","*","*","*","*","*","*","*","*","*"
"SI/2/87","<10","<10","*","<10","<10","*","<10","*","<10","*","35","240","*","*","*","30","*","*","*","*","*","49","200","*","*","*","277","*","*","*","320","160","3620","1824","*","3225","247","905","640","*","40","*","*","47","*","<10","*","*","*","<10","<10","*","*","*","<10","<10","<10","<10","<10","*","*","<10","<10","<10","<10","*","*","*","<10","<10","*","*","*","*","*","*","*","*","*"
"VI/7/87","*","*","*","*","*","*","*","*","*","*","46","*","*","20","*","77","*","*","*","*","*","43","*","*","*","*","325","*","*","470","*","*","806","211","1437","1114","*","*","*","*","*","*","*","*","*","*","*","*","*","*","*","*","*","*","*","*","*","*","*","*","*","*","*","*","*","*","*","*","*","*","*","*","*","*","*","*","*","*","*"
"AT/3572DASH5/88","*","*","*","*","*","*","*","*","*","*","*","*","*","*","*","*","*","*","*","*","*","*","*","*","*","*","320","*","*","5120","5120","*","10240","2560","1280","10240","*","*","10240","*","*","*","*","*","*","*","*","*","*","*","*","*","*","*","*","*","*","*","*","*","*","*","*","*","*","*","*","*","*","*","*","*","*","*","*","*","*","*","*"
"CC/2/88","*","*","*","*","*","*","*","*","*","*","20","*","*","*","*","160","*","*","*","*","*","640","*","*","*","*","1016","*","*","5120","*","*","*","40","320","1280","*","*","*","*","*","*","*","*","*","*","*","*","*","*","*","*","*","*","*","*","*","*","*","*","*","*","*","*","*","*","*","*","*","*","*","*","*","*","*","*","*","*","*"
"EN/427/88","*","*","*","*","*","*","*","*","*","*","*","*","*","*","*","*","*","*","*","*","*","*","*","*","*","*","320","*","*","1280","*","*","*","2560","640","2560","*","*","*","*","*","*","*","*","*","*","*","*","*","*","*","*","*","*","*","*","*","*","*","*","*","*","*","*","*","*","*","*","*","*","*","*","*","*","*","*","*","*","*"
"NL/450/88","*","*","<10","*","*","<10","*","20","<20","*","52","120","*","18","160","*","<10","<10","*","<10","<10","65","*","*","140","*","556","*","1280","2774","4661","*","7760","2792","890","5653","345","10240","10240","*","1076","320","*","*","*","*","<10","*","*","*","*","*","*","*","*","*","<10","*","<10","*","*","<10","*","*","*","*","*","*","*","*","*","*","*","*","*","*","*","*","*"
"OK/5/88","*","*","*","*","*","*","*","*","*","*","36","*","*","20","*","80","*","*","*","*","*","46","*","*","*","*","243","*","*","254","640","*","806","422","1114","905","*","80","2560","*","*","*","*","*","*","*","*","*","*","*","*","*","*","*","*","*","*","*","*","*","*","*","*","*","*","*","*","*","*","*","*","*","*","*","*","*","*","*","*"
"ST/12/88","*","*","*","*","*","*","*","*","*","*","40","*","*","40","*","80","*","*","*","*","*","40","*","*","*","*","403","*","*","*","5120","*","10240","4064","1016","*","320","10240","10240","*","1280","*","*","*","*","*","*","*","*","*","*","*","*","*","*","*","*","*","*","*","*","*","*","*","*","*","*","*","*","*","*","*","*","*","*","*","*","*","*"
"VI/1/88","*","*","*","*","*","*","*","*","*","*","40","*","*","*","*","160","*","*","*","*","*","80","*","*","*","*","557","*","*","508","640","*","1280","453","1470","1280","*","80","2560","*","*","*","*","*","*","*","*","*","*","*","*","*","*","*","*","*","*","*","*","*","*","*","*","*","*","*","*","*","*","*","*","*","*","*","*","*","*","*","*"
"AT/211/89","*","*","*","*","*","*","*","*","*","*","*","*","*","*","*","*","*","*","*","*","*","*","*","*","*","*","160","*","*","1280","1280","*","2560","320","2560","2560","*","*","10240","*","*","*","*","*","*","*","*","*","*","*","*","*","*","*","*","*","*","*","*","*","*","*","*","*","*","*","*","*","*","*","*","*","*","*","*","*","*","*","*"
"BE/352/89","*","*","*","*","*","*","*","*","*","*","*","*","*","*","*","*","*","*","*","*","*","*","*","*","*","*","*","*","*","160","480","*","240","120","*","320","2334","*","1280","640","480","1280","40","*","80","*","40","*","80","60","*","*","80","*","70","<5","*","*","*","*","*","10","*","*","*","*","*","*","*","*","*","*","*","*","*","*","*","*","*"
"BE/353/89","<10","<10","*","<10","<10","*","<10","<20","<10","<20","<20","<10","<20","<10","20","<20","*","*","*","*","*","*","<10","*","<20","*","*","*","80","226","320","80","139","120","480","320","1488","80","1280","229","640","458","14","21","53","<5","<10","*","*","<5","<5","*","<5","*","<5","<5","<10","<10","<10","*","*","*","<10","<10","<10","*","*","*","<10","<10","*","*","*","*","*","*","*","*","*"
"EI/3447/89","*","*","*","*","*","*","*","*","*","*","*","*","*","*","*","*","*","*","*","*","*","*","*","*","*","*","160","*","*","*","2560","*","5120","1613","*","*","*","5120","10240","*","*","*","*","*","*","*","*","*","*","*","*","*","*","*","*","*","*","*","*","*","*","*","*","*","*","*","*","*","*","*","*","*","*","*","*","*","*","*","*"
"EN/138/89","*","*","*","*","*","*","*","*","*","*","*","*","*","*","*","*","*","*","*","*","*","*","*","*","*","*","320","*","*","1832","640","*","10240","1114","905","4457","320","*","10240","*","640","*","*","*","*","*","*","*","*","*","*","*","*","*","*","*","*","*","*","*","*","*","*","*","*","*","*","*","*","*","*","*","*","*","*","*","*","*","*"
"GE/5007/89","*","*","*","*","*","*","*","*","*","*","*","*","*","*","*","*","*","*","*","*","*","*","*","*","*","*","320","*","*","2032","2560","*","5120","1280","905","4064","*","10240","10240","*","*","*","*","*","*","*","*","*","*","*","*","*","*","*","*","*","*","*","*","*","*","*","*","*","*","*","*","*","*","*","*","*","*","*","*","*","*","*","*"
"GU/54/89","*","<10","*","<10","<10","*","<10","*","<10","*","*","120","*","<10","*","*","*","*","*","*","*","*","<10","*","*","*","160","*","*","640","160","80","*","557","80","1280","80","*","640","*","160","*","*","40","*","*","*","*","*","40","*","*","*","*","*","*","*","*","*","*","*","*","*","*","*","*","*","*","*","*","*","*","*","*","*","*","*","*","*"
"HK/1/89","*","*","*","*","*","*","*","*","*","*","*","*","*","*","*","*","*","*","*","*","*","*","*","*","*","*","320","*","*","2560","2560","*","5881","1280","905","5120","320","10240","11763","*","640","*","*","*","*","*","*","*","*","*","*","*","*","*","*","*","*","*","*","*","*","*","*","*","*","*","*","*","*","*","*","*","*","*","*","*","*","*","*"
"NL/620/89","*","*","<10","*","*","<10","*","20","<20","*","*","20","<10","*","40","<20","<10","<10","*","<10","<10","*","*","*","40","*","453","*","905","2217","2560","*","10240","1280","1280","2560","400","10240","20480","*","320","640","*","*","*","*","<10","*","*","*","*","*","*","*","*","*","<10","*","<10","*","*","<10","*","*","*","*","*","*","*","*","*","*","*","*","*","*","*","*","*"
"NL/650/89","*","*","*","*","*","*","*","*","*","*","*","*","*","*","*","*","*","*","*","*","*","*","*","*","*","*","160","*","*","1016","320","*","5120","640","80","1280","*","10240","5120","*","*","*","*","*","*","*","*","*","*","*","*","*","*","*","*","*","*","*","*","*","*","*","*","*","*","*","*","*","*","*","*","*","*","*","*","*","*","*","*"
"NL/738/89","*","*","*","*","*","*","*","*","*","*","*","*","*","*","*","*","*","*","*","*","*","*","*","*","*","*","113","*","*","640","254","*","5120","320","28","1280","*","2560","5120","*","*","*","*","*","*","*","*","*","*","*","*","*","*","*","*","*","*","*","*","*","*","*","*","*","*","*","*","*","*","*","*","*","*","*","*","*","*","*","*"
"SP/34/89","*","*","*","*","*","*","*","*","*","*","*","*","*","*","*","*","*","*","*","*","*","*","*","*","*","*","160","*","*","1280","640","*","2560","320","160","1280","*","*","10240","*","*","*","*","*","*","*","*","*","*","*","*","*","*","*","*","*","*","*","*","*","*","*","*","*","*","*","*","*","*","*","*","*","*","*","*","*","*","*","*"
"SP/35/89","*","*","*","*","*","*","*","*","*","*","*","*","*","*","*","*","*","*","*","*","*","*","*","*","*","*","160","*","*","1280","2229","*","2560","557","453","2229","320","5120","10240","*","640","*","*","*","*","*","*","*","*","*","*","*","*","*","*","*","*","*","*","*","*","*","*","*","*","*","*","*","*","*","*","*","*","*","*","*","*","*","*"
"SP/36/89","*","*","*","*","*","*","*","*","*","*","*","*","*","*","*","*","*","*","*","*","*","*","*","*","*","*","160","*","*","640","640","*","2560","320","320","640","*","*","5120","*","*","*","*","*","*","*","*","*","*","*","*","*","*","*","*","*","*","*","*","*","*","*","*","*","*","*","*","*","*","*","*","*","*","*","*","*","*","*","*"
"SP/40/89","*","*","*","*","*","*","*","*","*","*","*","*","*","*","*","*","*","*","*","*","*","*","*","*","*","*","160","*","*","403","806","*","2560","320","1810","1280","*","2560","6451","*","*","*","*","*","*","*","*","*","*","*","*","*","*","*","*","*","*","*","*","*","*","*","*","*","*","*","*","*","*","*","*","*","*","*","*","*","*","*","*"
"SP/53/89","*","*","*","*","*","*","*","*","*","*","*","*","*","*","*","*","*","*","*","*","*","*","*","*","*","*","320","*","*","640","2560","*","2560","2560","640","2560","*","*","10240","*","*","*","*","*","*","*","*","*","*","*","*","*","*","*","*","*","*","*","*","*","*","*","*","*","*","*","*","*","*","*","*","*","*","*","*","*","*","*","*"
"VI/1/89","*","*","*","*","*","*","*","*","*","*","*","*","*","*","*","*","*","*","*","*","*","*","*","*","*","*","160","*","*","320","320","*","5120","320","40","320","*","*","640","*","*","*","*","*","*","*","*","*","*","*","*","*","*","*","*","*","*","*","*","*","*","*","*","*","*","*","*","*","*","*","*","*","*","*","*","*","*","*","*"
"WE/5/89","*","*","*","*","*","*","*","*","*","*","*","*","*","*","*","*","*","*","*","*","*","*","*","*","*","*","*","*","*","508","508","*","3225","*","453","2560","*","1280","3225","*","*","*","*","*","*","*","*","*","*","*","*","*","*","*","*","*","*","*","*","*","*","*","*","*","*","*","*","*","*","*","*","*","*","*","*","*","*","*","*"
"WK/1/89","*","*","*","*","*","*","*","*","*","*","*","*","*","*","*","*","*","*","*","*","*","*","*","*","*","*","160","*","*","1280","1280","*","4064","508","453","2560","*","5120","10240","*","*","*","*","*","*","*","*","*","*","*","*","*","*","*","*","*","*","*","*","*","*","*","*","*","*","*","*","*","*","*","*","*","*","*","*","*","*","*","*"
"ME/2/90","*","*","*","*","*","*","*","*","*","*","*","*","*","*","*","*","*","*","*","*","*","*","*","*","*","*","160","*","*","1280","*","*","10240","*","905","5120","160","10240","10240","*","320","*","*","*","*","*","*","*","*","*","*","*","*","*","*","*","*","*","*","*","*","*","*","*","*","*","*","*","*","*","*","*","*","*","*","*","*","*","*"
"ME/5/90","*","*","*","*","*","*","*","*","*","*","*","*","*","*","*","*","*","*","*","*","*","*","*","*","*","*","160","*","*","2560","5120","*","5120","320","1280","2560","*","*","10240","*","*","*","*","*","*","*","*","*","*","*","*","*","*","*","*","*","*","*","*","*","*","*","*","*","*","*","*","*","*","*","*","*","*","*","*","*","*","*","*"
"SH/24/90","*","*","*","*","*","*","*","*","*","*","*","*","*","*","*","*","*","*","*","*","*","*","*","*","*","*","*","*","*","*","*","*","5120","160","*","320","160","*","1280","10240","<40","80","320","*","640","20","40","*","277","35","<5","*","20","*","<5","*","*","*","*","*","*","18","*","*","*","*","*","*","*","*","*","*","*","*","*","*","*","*","*"
"SU/1/90","*","*","*","*","*","*","*","*","*","*","*","*","*","*","*","*","*","*","*","*","*","*","*","*","*","*","320","*","*","2560","2560","*","5120","1280","1280","5120","*","10240","10240","*","*","*","*","*","*","*","*","*","*","*","*","*","*","*","*","*","*","*","*","*","*","*","*","*","*","*","*","*","*","*","*","*","*","*","*","*","*","*","*"
"VI/2/90","*","*","<10","*","*","<10","*","*","*","<10","*","*","<10","*","*","*","<10","<10","*","<10","<10","*","*","*","*","*","*","*","640","320","640","*","211","160","1280","508","1280","320","3378","*","1940","1810","80","*","*","*","<10","*","*","*","*","*","*","*","*","*","<10","*","<10","*","*","20","*","*","*","*","*","*","*","*","*","*","*","*","*","*","*","*","*"
"WE/3/90","*","*","*","*","*","*","*","*","*","*","*","*","*","*","*","*","*","*","*","*","*","*","*","*","*","*","40","*","*","160","640","*","320","160","640","640","320","320","2560","*","1280","*","*","*","*","*","*","*","70","20","*","*","40","*","50","<10","*","*","*","*","*","18","*","*","*","*","*","*","*","*","*","*","*","*","*","*","*","*","*"
"CA/1/91","*","*","*","*","*","*","*","*","*","*","*","*","*","*","*","*","*","*","*","*","*","*","*","*","*","*","*","*","*","3620","3620","*","7241","1280","*","7241","453","*","10240","*","640","*","*","*","*","*","*","*","*","*","*","*","*","*","*","*","*","*","*","*","*","*","*","*","*","*","*","*","*","*","*","*","*","*","*","*","*","*","*"
"EN/260/91","*","*","*","*","*","*","*","*","*","*","*","*","*","*","*","*","*","*","*","*","*","*","*","*","*","*","*","*","*","320","1280","*","160","113","*","640","1280","*","3620","*","2560","*","*","*","*","*","*","*","40","<5","*","*","20","*","18","<5","*","*","*","*","*","15","*","*","*","*","*","*","*","*","*","*","*","*","*","*","*","*","*"
"EN/261/91","*","*","*","*","*","*","*","*","*","*","*","*","*","*","*","*","*","*","*","*","*","*","*","*","*","*","*","*","*","127","403","*","101","40","*","320","640","*","1613","*","1016","*","*","*","*","*","*","*","160","120","*","*","140","*","120","<10","*","*","*","*","*","25","*","*","*","*","*","*","*","*","*","*","*","*","*","*","*","*","*"
"GE/5366/91","*","*","*","*","*","*","*","*","*","*","*","*","*","*","*","*","*","*","*","*","*","*","*","*","*","*","*","*","*","1280","2560","*","5120","640","*","2560","320","*","5120","*","320","*","*","*","*","*","*","*","*","*","*","*","*","*","*","*","*","*","*","*","*","*","*","*","*","*","*","*","*","*","*","*","*","*","*","*","*","*","*"
"GE/6447/91","*","*","*","*","*","*","*","*","*","*","*","*","*","*","*","*","*","*","*","*","*","*","*","*","*","*","*","*","*","80","320","*","80","80","*","320","640","*","1280","*","1280","*","*","*","*","*","*","*","30","<5","*","*","40","*","20","<5","*","*","*","*","*","25","*","*","*","*","*","*","*","*","*","*","*","*","*","*","*","*","*"
"LY/1149/91","*","*","<10","*","*","<10","*","*","*","<10","*","*","<10","*","*","*","<10","<10","*","<10","<10","*","*","*","*","*","<10","*","640","160","320","*","80","80","*","202","640","*","1280","71","1016","2560","*","*","40","<40","*","80","*","*","*","320","80","80","*","<40","*","40","*","*","*","*","*","*","*","*","*","*","*","*","*","*","*","*","*","*","*","*","*"
"LY/1182/91","*","*","*","*","*","*","*","*","*","*","*","*","*","*","*","*","*","*","*","*","*","*","*","*","*","*","*","*","*","160","320","*","67","67","*","320","1076","*","1280","*","1280","2560","20","*","*","*","*","*","80","40","*","*","50","*","20","20","*","*","*","*","*","40","*","*","*","*","*","*","*","*","*","*","*","*","*","*","*","*","*"
"LY/1189/91","*","*","*","*","*","*","*","*","*","*","*","*","*","*","*","*","*","*","*","*","*","*","*","*","*","*","*","*","*","160","640","*","80","80","*","640","2560","*","2560","*","2560","*","*","*","*","*","*","*","40","18","*","*","40","*","18","<5","*","*","*","*","*","20","*","*","*","*","*","*","*","*","*","*","*","*","*","*","*","*","*"
"LY/1276/91","*","*","*","*","*","*","*","*","*","*","*","*","*","*","*","*","*","*","*","*","*","*","*","*","*","*","*","*","*","120","320","*","80","80","*","160","640","*","1280","*","640","*","*","*","*","*","*","*","60","60","*","*","70","*","50","30","*","*","*","*","*","60","*","*","*","*","*","*","*","*","*","*","*","*","*","*","*","*","*"
"LY/1337/91","*","*","*","*","*","*","*","*","*","*","*","*","*","*","*","*","*","*","*","*","*","*","*","*","*","*","*","*","*","160","320","*","80","80","*","320","1280","*","2560","*","1920","*","*","*","*","*","*","*","*","*","*","*","*","*","*","*","*","*","*","*","*","*","*","*","*","*","*","*","*","*","*","*","*","*","*","*","*","*","*"
"LY/1373/91","*","*","*","*","*","*","*","*","*","*","*","*","*","*","*","*","*","*","*","*","*","*","*","*","*","*","*","*","*","160","320","*","160","160","*","320","1280","*","1280","*","2560","*","*","*","*","*","*","*","40","20","*","*","40","*","18","<5","*","*","*","*","*","20","*","*","*","*","*","*","*","*","*","*","*","*","*","*","*","*","*"
"LY/1594/91","*","*","*","*","*","*","*","*","*","*","*","*","*","*","*","*","*","*","*","*","*","*","*","*","*","*","*","*","*","160","640","*","80","80","*","320","1280","*","2560","*","2560","*","*","*","*","*","*","*","18","<5","*","*","25","*","10","<5","*","*","*","*","*","10","*","*","*","*","*","*","*","*","*","*","*","*","*","*","*","*","*"
"LY/23672/91","*","*","*","*","*","*","*","*","*","*","*","*","*","*","*","*","*","*","*","*","*","*","*","*","*","*","*","*","*","120","320","*","80","80","*","320","640","*","1280","*","1280","*","*","*","*","*","*","*","35","<5","*","*","40","*","10","<5","*","*","*","*","*","10","*","*","*","*","*","*","*","*","*","*","*","*","*","*","*","*","*"
"LY/24103/91","*","*","*","*","*","*","*","*","*","*","*","*","*","*","*","*","*","*","*","*","*","*","*","*","*","*","*","*","*","320","640","*","160","160","*","640","1280","*","2560","*","2560","*","*","*","*","*","*","*","20","<5","*","*","25","*","<10","10","*","*","*","*","*","20","*","*","*","*","*","*","*","*","*","*","*","*","*","*","*","*","*"
"LY/24222/91","*","*","*","*","*","*","*","*","*","*","*","*","*","*","*","*","*","*","*","*","*","*","*","*","*","*","*","*","*","160","320","*","160","160","*","640","2560","*","2560","*","2560","*","*","*","*","*","*","*","50","40","*","*","50","*","35","10","*","*","*","*","*","40","*","*","*","*","*","*","*","*","*","*","*","*","*","*","*","*","*"
"MA/G12/91","*","*","*","*","*","*","*","*","*","*","*","*","*","*","*","*","*","*","*","*","*","*","*","*","*","*","*","*","*","320","640","*","160","160","*","403","1280","*","4064","*","2560","*","*","*","*","*","*","*","40","<5","*","*","40","*","10","<5","*","*","*","*","*","10","*","*","*","*","*","*","*","*","*","*","*","*","*","*","*","*","*"
"NL/816/91","*","*","*","*","*","*","*","*","*","*","*","*","*","*","*","*","*","*","*","*","*","*","*","*","*","*","*","*","*","320","640","*","80","80","*","1280","1280","*","2560","*","2560","*","*","*","*","*","*","*","40","<5","*","*","40","*","<10","<5","*","*","*","*","*","10","*","*","*","*","*","*","*","*","*","*","*","*","*","*","*","*","*"
"NL/891/91","*","*","*","*","*","*","*","*","*","*","*","*","*","*","*","*","*","*","*","*","*","*","*","*","*","*","*","*","*","320","640","*","160","113","*","640","1280","*","3620","*","2560","*","*","*","*","*","*","*","40","20","*","*","40","*","12","<5","*","*","*","*","*","15","*","*","*","*","*","*","*","*","*","*","*","*","*","*","*","*","*"
"ST/20/91","*","*","*","*","*","*","*","*","*","*","*","*","*","*","*","*","*","*","*","*","*","*","*","*","*","*","*","*","*","160","640","*","160","160","*","640","2560","*","640","*","2560","*","*","*","*","*","*","*","30","<5","*","*","30","*","12","<5","*","*","*","*","*","10","*","*","*","*","*","*","*","*","*","*","*","*","*","*","*","*","*"
"AM/4112/92","*","*","*","*","*","*","*","*","*","*","*","*","*","*","*","*","*","*","*","*","*","*","*","*","*","*","*","*","*","320","1280","*","160","80","*","1280","1280","*","5120","*","2560","*","*","*","*","*","*","*","60","20","*","*","40","*","20","<5","*","*","*","*","*","20","*","*","*","*","*","*","*","*","*","*","*","*","*","*","*","*","*"
"BE/32/92","<10","<10","*","<10","<10","*","<10","*","<10","*","*","<10","*","<10","*","*","*","*","*","*","*","*","<10","*","*","*","*","*","*","*","*","<10","*","*","*","80","79","40","160","10240","<40","55","735","1093","905","96","40","*","320","97","<10","*","*","*","23","15","73","16","48","*","*","48","15","<10","23","*","*","*","<10","*","*","*","*","*","*","*","*","*","*"
"ES/1285/92","*","*","*","*","*","*","*","*","*","*","*","*","*","*","*","*","*","*","*","*","*","*","*","*","*","*","*","*","*","160","640","*","160","80","*","320","640","*","5120","*","2560","*","*","*","*","*","*","*","35","<5","*","*","30","*","10","<5","*","*","*","*","*","15","*","*","*","*","*","*","*","*","*","*","*","*","*","*","*","*","*"
"FI/218/92","*","*","*","*","*","*","*","*","*","*","*","*","*","*","*","*","*","*","*","*","*","*","*","*","*","*","*","*","*","80","160","*","80","80","*","160","640","*","640","*","640","*","*","*","*","*","*","*","20","20","*","*","30","*","20","<5","*","*","*","*","*","20","*","*","*","*","*","*","*","*","*","*","*","*","*","*","*","*","*"
"FI/220/92","*","*","*","*","*","*","*","*","*","*","*","*","*","*","*","*","*","*","*","*","*","*","*","*","*","*","*","*","*","40","160","*","80","80","*","160","403","*","640","*","640","*","*","*","*","*","*","*","40","20","*","*","40","*","12","<5","*","*","*","*","*","10","*","*","*","*","*","*","*","*","*","*","*","*","*","*","*","*","*"
"FI/247/92","*","*","*","*","*","*","*","*","*","*","*","*","*","*","*","*","*","*","*","*","*","*","*","*","*","*","*","*","*","*","*","*","<10","20","*","40","40","*","160","640","<40","<10","640","*","160","*","80","*","1280","*","*","*","*","*","*","*","*","*","*","*","*","*","*","*","*","*","*","*","*","*","*","*","*","*","*","*","*","*","*"
"GE/5113/92","*","*","*","*","*","*","*","*","*","*","*","*","*","*","*","*","*","*","*","*","*","*","*","*","*","*","*","*","*","80","320","*","160","160","*","320","1280","*","2560","*","1280","*","*","*","*","*","*","*","10","<5","*","*","18","*","<5","<5","*","*","*","*","*","10","*","*","*","*","*","*","*","*","*","*","*","*","*","*","*","*","*"
"HO/56798/92","*","*","*","*","*","*","*","*","*","*","*","*","*","*","*","*","*","*","*","*","*","*","*","*","*","*","*","*","*","80","320","*","80","80","*","320","1280","*","1280","*","1280","*","*","*","*","*","*","*","35","<5","*","*","40","*","12","<5","*","*","*","*","*","10","*","*","*","*","*","*","*","*","*","*","*","*","*","*","*","*","*"
"HO/56829/92","*","*","*","*","*","*","*","*","*","*","*","*","*","*","*","*","*","*","*","*","*","*","*","*","*","*","*","*","*","160","640","*","160","160","*","640","1280","*","2560","*","1280","*","*","*","*","*","*","*","40","18","*","*","40","*","20","<5","*","*","*","*","*","40","*","*","*","*","*","*","*","*","*","*","*","*","*","*","*","*","*"
"HO/56941/92","*","*","*","*","*","*","*","*","*","*","*","*","*","*","*","*","*","*","*","*","*","*","*","*","*","*","*","*","*","80","320","*","80","80","*","320","1280","*","1280","*","1280","*","*","*","*","*","*","*","40","20","*","*","60","*","30","<10","*","*","*","*","*","20","*","*","*","*","*","*","*","*","*","*","*","*","*","*","*","*","*"
"MA/G58/92","*","*","*","*","*","*","*","*","*","*","*","*","*","*","*","*","*","*","*","*","*","*","*","*","*","*","*","*","*","160","1280","*","160","80","*","640","640","*","2560","*","1280","*","*","*","*","*","*","*","80","40","*","*","40","*","20","18","*","*","*","*","*","20","*","*","*","*","*","*","*","*","*","*","*","*","*","*","*","*","*"
"NI/3126/92","*","*","*","*","*","*","*","*","*","*","*","*","*","*","*","*","*","*","*","*","*","*","*","*","*","*","*","*","*","160","320","*","80","80","*","320","1280","*","2560","*","2560","*","*","*","*","*","*","*","40","<10","*","*","40","*","10","<5","*","*","*","*","*","30","*","*","*","*","*","*","*","*","*","*","*","*","*","*","*","*","*"
"NI/3129/92","*","*","*","*","*","*","*","*","*","*","*","*","*","*","*","*","*","*","*","*","*","*","*","*","*","*","*","*","*","320","640","*","160","80","*","640","1280","*","2560","*","2560","*","*","*","*","*","*","*","40","20","*","*","40","*","10","<5","*","*","*","*","*","10","*","*","*","*","*","*","*","*","*","*","*","*","*","*","*","*","*"
"NL/819/92","*","*","*","*","*","*","*","*","*","*","*","*","*","*","*","*","*","*","*","*","*","*","*","*","*","*","*","*","*","320","640","*","80","80","*","640","1280","*","2560","*","1280","*","*","*","*","*","*","*","60","15","*","*","*","*","20","18","*","*","*","*","*","30","*","*","*","*","*","*","*","*","*","*","*","*","*","*","*","*","*"
"NL/823/92","*","*","*","*","*","*","*","*","*","*","*","*","*","*","*","*","*","*","*","*","*","*","*","*","*","*","*","*","*","160","320","*","80","80","*","320","1280","*","1280","*","1280","*","*","*","*","*","*","*","40","18","*","*","20","*","30","<5","*","*","*","*","*","20","*","*","*","*","*","*","*","*","*","*","*","*","*","*","*","*","*"
"NL/935/92","*","*","*","*","*","*","*","*","*","*","*","*","*","*","*","*","*","*","*","*","*","*","*","*","*","*","*","*","*","320","1280","*","320","80","*","1280","2560","*","5120","*","5120","*","*","*","*","*","*","*","40","15","*","*","40","*","30","<5","*","*","*","*","*","20","*","*","*","*","*","*","*","*","*","*","*","*","*","*","*","*","*"
"NL/938/92","*","*","*","*","*","*","*","*","*","*","*","*","*","*","*","*","*","*","*","*","*","*","*","*","*","*","*","*","*","*","*","*","5120","80","*","640","127","*","1280","6451","<40","127","479","*","640","100","20","*","733","140","18","*","70","*","30","*","*","*","*","*","*","70","*","*","*","*","*","*","*","*","*","*","*","*","*","*","*","*","*"
"OV/31/92","*","*","*","*","*","*","*","*","*","*","*","*","*","*","*","*","*","*","*","*","*","*","*","*","*","*","*","*","*","640","2560","*","160","160","*","1280","2560","*","10240","*","5120","*","*","*","*","*","*","*","25","20","*","*","40","*","10","<5","*","*","*","*","*","15","*","*","*","*","*","*","*","*","*","*","*","*","*","*","*","*","*"
"PA/320/92","*","*","*","*","*","*","*","*","*","*","*","*","*","*","*","*","*","*","*","*","*","*","*","*","*","*","*","*","*","160","640","*","160","160","*","320","1280","*","2560","*","2560","*","*","*","*","*","*","*","25","<10","*","*","35","*","20","<5","*","*","*","*","*","18","*","*","*","*","*","*","*","*","*","*","*","*","*","*","*","*","*"
"PA/325/92","*","*","*","*","*","*","*","*","*","*","*","*","*","*","*","*","*","*","*","*","*","*","*","*","*","*","*","*","*","160","320","*","80","160","*","320","2560","*","2560","*","2560","*","*","*","*","*","*","*","20","<10","*","*","35","*","12","<5","*","*","*","*","*","12","*","*","*","*","*","*","*","*","*","*","*","*","*","*","*","*","*"
"PA/407/92","*","*","*","*","*","*","*","*","*","*","*","*","*","*","*","*","*","*","*","*","*","*","*","*","*","*","*","*","*","160","320","*","160","80","*","320","640","*","2560","*","1280","*","*","*","*","*","*","*","20","<5","*","*","18","*","<10","<5","*","*","*","*","*","10","*","*","*","*","*","*","*","*","*","*","*","*","*","*","*","*","*"
"PA/417/92","*","*","*","*","*","*","*","*","*","*","*","*","*","*","*","*","*","*","*","*","*","*","*","*","*","*","*","*","*","160","320","*","80","80","*","640","640","*","1280","*","1280","*","*","*","*","*","*","*","80","20","*","*","*","*","30","50","*","*","*","*","*","50","*","*","*","*","*","*","*","*","*","*","*","*","*","*","*","*","*"
"PA/424/92","*","*","*","*","*","*","*","*","*","*","*","*","*","*","*","*","*","*","*","*","*","*","*","*","*","*","*","*","*","80","320","*","80","80","*","320","640","*","2560","*","1280","*","*","*","*","*","*","*","40","<5","*","*","40","*","10","<10","*","*","*","*","*","40","*","*","*","*","*","*","*","*","*","*","*","*","*","*","*","*","*"
"PA/457/92","*","*","*","*","*","*","*","*","*","*","*","*","*","*","*","*","*","*","*","*","*","*","*","*","*","*","*","*","*","160","640","*","160","160","*","320","1280","*","2560","*","2560","*","*","*","*","*","*","*","10","<5","*","*","<5","*","<5","<5","*","*","*","*","*","<5","*","*","*","*","*","*","*","*","*","*","*","*","*","*","*","*","*"
"PA/467/92","*","*","*","*","*","*","*","*","*","*","*","*","*","*","*","*","*","*","*","*","*","*","*","*","*","*","*","*","*","640","1280","*","113","113","*","905","1280","*","5120","*","2560","*","*","*","*","*","*","*","30","<5","*","*","20","*","12","<5","*","*","*","*","*","10","*","*","*","*","*","*","*","*","*","*","*","*","*","*","*","*","*"
"PA/490/92","*","*","*","*","*","*","*","*","*","*","*","*","*","*","*","*","*","*","*","*","*","*","*","*","*","*","*","*","*","160","320","*","80","80","*","320","1280","*","2560","*","2560","*","*","*","*","*","*","*","35","20","*","*","40","*","20","<5","*","*","*","*","*","25","*","*","*","*","*","*","*","*","*","*","*","*","*","*","*","*","*"
"PA/512/92","*","*","*","*","*","*","*","*","*","*","*","*","*","*","*","*","*","*","*","*","*","*","*","*","*","*","*","*","*","80","320","*","60","80","*","160","640","*","1280","*","1280","*","*","*","*","*","*","*","20","<5","*","*","<5","*","<5","<5","*","*","*","*","*","20","*","*","*","*","*","*","*","*","*","*","*","*","*","*","*","*","*"
"PA/548/92","*","*","*","*","*","*","*","*","*","*","*","*","*","*","*","*","*","*","*","*","*","*","*","*","*","*","*","*","*","80","160","*","80","80","*","320","1280","*","1280","*","1280","*","*","*","*","*","*","*","10","<5","*","*","<5","*","<5","<5","*","*","*","*","*","10","*","*","*","*","*","*","*","*","*","*","*","*","*","*","*","*","*"
"PA/564/92","*","*","*","*","*","*","*","*","*","*","*","*","*","*","*","*","*","*","*","*","*","*","*","*","*","*","*","*","*","160","320","*","80","80","*","320","640","*","1280","*","1920","*","*","*","*","*","*","*","60","40","*","*","40","*","35","20","*","*","*","*","*","60","*","*","*","*","*","*","*","*","*","*","*","*","*","*","*","*","*"
"PA/583/92","*","*","*","*","*","*","*","*","*","*","*","*","*","*","*","*","*","*","*","*","*","*","*","*","*","*","*","*","*","202","403","*","101","50","*","403","806","*","2560","*","2560","*","*","*","*","*","*","*","20","<5","*","*","25","*","<5","<5","*","*","*","*","*","10","*","*","*","*","*","*","*","*","*","*","*","*","*","*","*","*","*"
"PA/597/92","*","*","*","*","*","*","*","*","*","*","*","*","*","*","*","*","*","*","*","*","*","*","*","*","*","*","*","*","*","80","160","*","40","40","*","160","640","*","640","*","1280","*","*","*","*","*","*","*","35","18","*","*","25","*","15","10","*","*","*","*","*","20","*","*","*","*","*","*","*","*","*","*","*","*","*","*","*","*","*"
"PA/614/92","*","*","*","*","*","*","*","*","*","*","*","*","*","*","*","*","*","*","*","*","*","*","*","*","*","*","*","*","*","320","640","*","160","80","*","640","640","*","2560","*","1280","*","*","*","*","*","*","*","40","<5","*","*","18","*","<10","10","*","*","*","*","*","20","*","*","*","*","*","*","*","*","*","*","*","*","*","*","*","*","*"
"RD/100540/92","*","*","*","*","*","*","*","*","*","*","*","*","*","*","*","*","*","*","*","*","*","*","*","*","*","*","*","*","*","160","640","*","160","160","*","640","2560","*","1280","*","2560","*","*","*","*","*","*","*","*","*","*","*","*","*","*","*","*","*","*","*","*","*","*","*","*","*","*","*","*","*","*","*","*","*","*","*","*","*","*"
"SA/8/92","*","*","*","*","*","*","*","*","*","*","*","*","*","*","*","*","*","*","*","*","*","*","*","*","*","*","*","*","*","57","320","*","113","57","*","226","453","*","905","*","905","*","*","*","*","*","*","*","20","<5","*","*","40","*","10","<5","*","*","*","*","*","10","*","*","*","*","*","*","*","*","*","*","*","*","*","*","*","*","*"
"SA/23/92","*","*","*","*","*","*","*","*","*","*","*","*","*","*","*","*","*","*","*","*","*","*","*","*","*","*","*","*","*","80","320","*","160","160","*","320","640","*","640","*","1280","*","*","*","*","*","*","*","10","<5","*","*","20","*","<5","<5","*","*","*","*","*","10","*","*","*","*","*","*","*","*","*","*","*","*","*","*","*","*","*"
"SA/27/92","*","*","*","*","*","*","*","*","*","*","*","*","*","*","*","*","*","*","*","*","*","*","*","*","*","*","*","*","*","80","160","*","80","80","*","160","640","*","640","*","640","*","*","*","*","*","*","*","20","20","*","*","40","*","40","<5","*","*","*","*","*","20","*","*","*","*","*","*","*","*","*","*","*","*","*","*","*","*","*"
"SE/C273/92","*","*","*","*","*","*","*","*","*","*","*","*","*","*","*","*","*","*","*","*","*","*","*","*","*","*","*","*","*","*","*","*","<10","<10","*","<10","*","*","40","226","<40","*","306","*","320","80","40","*","1197","160","10","*","480","*","35","*","*","*","*","*","*","35","*","*","*","*","*","*","*","*","*","*","*","*","*","*","*","*","*"
"ST/7/92","*","*","*","*","*","*","*","*","*","*","*","*","*","*","*","*","*","*","*","*","*","*","*","*","*","*","*","*","*","160","640","*","160","80","*","320","640","*","5120","*","1280","*","*","*","*","*","*","*","20","<5","*","*","<5","*","<5","<5","*","*","*","*","*","<10","*","*","*","*","*","*","*","*","*","*","*","*","*","*","*","*","*"
"ST/8/92","*","*","*","*","*","*","*","*","*","*","*","*","*","*","*","*","*","*","*","*","*","*","*","*","*","*","*","*","*","160","320","*","80","80","*","160","640","*","1280","*","1280","*","*","*","*","*","*","*","60","30","*","*","60","*","20","<5","*","*","*","*","*","30","*","*","*","*","*","*","*","*","*","*","*","*","*","*","*","*","*"
"ST/12/92","*","*","*","*","*","*","*","*","*","*","*","*","*","*","*","*","*","*","*","*","*","*","*","*","*","*","*","*","*","*","*","*","80","40","*","80","320","*","320","640","<40","20","905","*","*","320","*","*","1693","733","80","*","1197","*","160","20","*","*","*","*","*","80","*","*","*","*","*","*","*","*","*","*","*","*","*","*","*","*","*"
"ST/13/92","*","*","*","*","*","*","*","*","*","*","*","*","*","*","*","*","*","*","*","*","*","*","*","*","*","*","*","*","*","*","*","*","640","320","*","2560","1280","*","640","*","1280","1280","20","*","*","*","*","*","70","<10","*","*","20","*","<10","<5","*","*","*","*","*","12","*","*","*","*","*","*","*","*","*","*","*","*","*","*","*","*","*"
"TI/5957/92","*","*","*","*","*","*","*","*","*","*","*","*","*","*","*","*","*","*","*","*","*","*","*","*","*","*","*","*","*","320","905","*","160","113","*","640","1280","*","3620","*","2560","*","*","*","*","*","*","*","40","15","*","*","35","*","10","10","*","*","*","*","*","15","*","*","*","*","*","*","*","*","*","*","*","*","*","*","*","*","*"
"UM/1982/92","*","*","*","*","*","*","*","*","*","*","*","*","*","*","*","*","*","*","*","*","*","*","*","*","*","*","*","*","*","*","*","*","160","80","*","640","640","*","2560","*","640","1280","40","*","*","*","*","*","*","*","*","*","*","*","*","*","*","*","*","*","*","*","*","*","*","*","*","*","*","*","*","*","*","*","*","*","*","*","*"
"UM/2000/92","*","*","*","*","*","*","*","*","*","*","*","*","*","*","*","*","*","*","*","*","*","*","*","*","*","*","*","*","*","*","*","*","160","40","*","640","640","*","2560","320","1280","2560","28","*","80","*","10","*","80","15","*","*","30","*","15","<5","*","*","*","*","*","18","*","*","*","*","*","*","*","*","*","*","*","*","*","*","*","*","*"
"VI/33/92","*","*","*","*","*","*","*","*","*","*","*","*","*","*","*","*","*","*","*","*","*","*","*","*","*","*","*","*","*","320","1280","*","320","226","*","905","1810","*","3620","*","2560","*","*","*","*","*","*","*","40","30","*","*","20","*","20","<5","*","*","*","*","*","10","*","*","*","*","*","*","*","*","*","*","*","*","*","*","*","*","*"
"VI/68/92","*","*","*","*","*","*","*","*","*","*","*","*","*","*","*","*","*","*","*","*","*","*","*","*","*","*","*","*","*","640","640","*","640","320","*","640","5120","*","1280","*","5120","*","*","*","*","*","*","*","*","*","*","*","*","*","*","*","*","*","*","*","*","*","*","*","*","*","*","*","*","*","*","*","*","*","*","*","*","*","*"
"AK/4/93","*","*","*","*","*","*","*","*","*","*","*","*","*","*","*","*","*","*","*","*","*","*","*","*","*","*","*","*","*","*","*","*","<10","<10","*","<10","40","*","80","640","<40","<10","423","*","*","240","*","*","847","*","40","*","960","*","106","12","*","*","*","*","*","55","*","*","*","*","*","*","*","*","*","*","*","*","*","*","*","*","*"
"ES/5458/93","*","*","*","*","*","*","*","*","*","*","*","*","*","*","*","*","*","*","*","*","*","*","*","*","*","*","*","*","*","*","*","*","80","40","*","320","640","*","2560","*","1280","1280","20","*","*","*","*","*","120","120","*","*","80","*","80","40","*","*","*","*","*","60","*","*","*","*","*","*","*","*","*","*","*","*","*","*","*","*","*"
"GD/25/93","<10","*","*","*","<10","*","*","*","*","*","*","*","*","*","*","*","*","*","*","*","*","*","<10","*","*","*","*","*","*","*","*","*","*","<10","*","*","<10","*","*","115","*","<40","240","112","*","1432","320","320","*","*","168","640","640","*","277","50","1191","224","1024","*","*","117","15","<10","37","*","*","*","<10","*","*","*","*","*","*","*","*","*","*"
"LY/672/93","*","*","*","*","*","*","*","*","*","*","*","*","*","*","*","*","*","*","*","*","*","*","*","*","*","*","*","*","*","*","*","*","*","*","*","*","58","*","*","296","*","44","298","*","101","*","80","1280","777","223","70","392","1600","*","160","*","932","*","*","*","*","120","*","*","*","*","*","*","*","*","*","*","*","*","*","*","*","*","*"
"LY/1803/93","*","*","*","*","*","*","*","*","*","*","*","*","*","*","*","*","*","*","*","*","*","*","*","*","*","*","*","*","*","*","*","*","*","*","*","*","80","*","*","640","*","40","320","*","226","*","*","*","*","*","*","*","*","*","*","*","*","*","*","*","*","*","*","*","*","*","*","*","*","*","*","*","*","*","*","*","*","*","*"
"LY/1815/93","*","*","*","*","*","*","*","*","*","*","*","*","*","*","*","*","*","*","*","*","*","*","*","*","*","*","*","*","*","*","*","*","*","*","*","*","40","*","*","320","*","40","299","*","160","5760","*","*","1920","2880","320","*","2880","*","640","*","*","*","*","*","*","280","*","*","*","*","*","*","*","*","*","*","*","*","*","*","*","*","*"
"LY/22686/93","*","*","*","*","*","*","*","*","*","*","*","*","*","*","*","*","*","*","*","*","*","*","*","*","*","*","*","*","*","*","*","*","*","*","*","*","80","*","*","320","*","40","179","*","160","1280","*","*","1600","1600","160","*","1120","*","240","*","*","*","*","*","*","50","*","*","*","*","*","*","*","*","*","*","*","*","*","*","*","*","*"
"LY/23602/93","*","*","*","*","*","*","*","*","*","*","*","*","*","*","*","*","*","*","*","*","*","*","*","*","*","*","*","*","*","*","*","*","*","*","*","*","160","*","*","506","*","160","358","*","320","1120","*","*","2560","3200","480","*","3200","*","1280","*","*","*","*","*","*","120","*","*","*","*","*","*","*","*","*","*","*","*","*","*","*","*","*"
"MA/G101/93","*","*","*","*","*","*","*","*","*","*","*","*","*","*","*","*","*","*","*","*","*","*","*","*","*","*","*","*","*","*","*","*","160","80","*","640","1280","*","2560","*","2560","2560","80","*","*","*","*","*","20","<5","*","*","<5","*","<5","<5","*","*","*","*","*","10","*","*","*","*","*","*","*","*","*","*","*","*","*","*","*","*","*"
"MA/G102/93","*","*","<10","*","*","<10","*","*","*","<10","*","*","<10","*","*","*","<10","<10","*","<10","<10","*","*","*","*","*","<10","*","<10","*","*","*","80","40","*","57","65","*","320","444","<10","*","626","*","305","160","101","1522","2114","698","*","320","640","366","160","80","1993","*","415","*","160","133","49","160","*","*","<40","*","*","160","*","*","*","*","*","*","*","*","*"
"MA/G109/93","*","*","*","*","*","*","*","*","*","*","*","*","*","*","*","*","*","*","*","*","*","*","*","*","*","*","*","*","*","*","*","*","80","40","*","80","80","*","320","320","<40","40","453","*","*","1920","*","*","1600","1120","320","*","1280","*","480","*","*","*","*","*","*","140","*","*","*","*","*","*","*","*","*","*","*","*","*","*","*","*","*"
"MA/G116/93","*","*","*","*","*","*","*","*","*","*","*","*","*","*","*","*","*","*","*","*","*","*","*","*","*","*","*","*","*","*","*","*","80","40","*","320","320","*","1280","*","1280","1280","80","*","*","*","*","*","60","<5","*","*","*","*","<10","<5","*","*","*","*","*","15","*","*","*","*","*","*","*","*","*","*","*","*","*","*","*","*","*"
"MA/G122/93","*","*","*","*","*","*","*","*","*","*","*","*","*","*","*","*","*","*","*","*","*","*","*","*","*","*","*","*","*","*","*","*","80","40","*","80","80","*","320","640","<40","40","905","*","*","7680","*","*","2560","7680","640","*","7680","*","960","*","*","*","*","*","*","240","*","*","*","*","*","*","*","*","*","*","*","*","*","*","*","*","*"
"MA/G130/93","*","*","*","*","*","*","*","*","*","*","*","*","*","*","*","*","*","*","*","*","*","*","*","*","*","*","*","*","*","*","*","*","160","40","*","80","80","*","320","320","<40","20","784","*","*","80","*","*","1920","240","25","*","560","*","40","*","*","*","*","*","*","35","*","*","*","*","*","*","*","*","*","*","*","*","*","*","*","*","*"
"MA/G252/93","*","*","<10","*","*","<10","*","*","*","<10","*","*","<10","*","*","*","<10","<10","*","<10","<10","*","*","*","*","*","<10","*","<10","*","*","*","*","*","*","40","80","*","*","50","<10","29","68","*","*","309","1076","80","203","338","1600","640","480","*","1600","*","160","*","320","*","*","339","*","*","*","*","*","*","*","*","*","*","*","*","*","*","*","*","*"
"NL/3/93","*","*","*","*","*","*","*","*","*","*","*","*","*","*","*","*","*","*","*","*","*","*","*","*","*","*","*","*","*","*","*","*","320","320","*","320","160","*","640","640","80","160","1431","*","*","2240","*","*","1693","876","280","*","2240","*","253","20","*","*","*","*","*","98","*","*","*","*","*","*","*","*","*","*","*","*","*","*","*","*","*"
"NL/17/93","*","*","*","*","*","*","*","*","*","*","*","*","*","*","*","*","*","*","*","*","*","*","*","*","*","*","*","*","*","*","*","*","320","160","*","320","320","*","1280","*","80","80","1280","*","*","*","*","*","*","*","*","*","*","*","*","*","*","*","*","*","*","*","*","*","*","*","*","*","*","*","*","*","*","*","*","*","*","*","*"
"NL/101/93","*","*","*","*","*","*","*","*","*","*","*","*","*","*","*","*","*","*","*","*","*","*","*","*","*","*","*","*","*","*","*","*","160","80","*","160","80","*","320","200","<40","40","*","*","*","40","*","*","800","120","30","*","320","*","80","*","*","*","*","*","*","20","*","*","*","*","*","*","*","*","*","*","*","*","*","*","*","*","*"
"NL/115/93","*","*","*","*","*","*","*","*","*","*","*","*","*","*","*","*","*","*","*","*","*","*","*","*","*","*","*","*","*","*","*","*","160","40","*","80","80","*","320","280","<40","40","*","*","*","90","*","*","1120","240","35","*","480","*","90","*","*","*","*","*","*","40","*","*","*","*","*","*","*","*","*","*","*","*","*","*","*","*","*"
"NL/126/93","*","*","*","*","*","*","*","*","*","*","*","*","*","*","*","*","*","*","*","*","*","*","*","*","*","*","*","*","*","*","*","*","160","40","*","160","80","*","320","160","<40","40","*","*","*","60","*","*","640","160","18","*","360","*","23","*","*","*","*","*","*","20","*","*","*","*","*","*","*","*","*","*","*","*","*","*","*","*","*"
"NL/165/93","*","*","*","*","*","*","*","*","*","*","*","*","*","*","*","*","*","*","*","*","*","*","*","*","*","*","*","*","*","*","*","*","80","40","*","160","320","*","640","*","640","640","80","*","*","*","*","*","40","<5","*","*","10","*","<5","<5","*","*","*","*","*","10","*","*","*","*","*","*","*","*","*","*","*","*","*","*","*","*","*"
"NL/179/93","*","*","*","*","*","*","*","*","*","*","*","*","*","*","*","*","*","*","*","*","*","*","*","*","*","*","*","*","*","*","*","*","320","<10","*","320","320","*","320","*","<40","80","1280","*","*","*","*","*","*","*","*","*","*","*","*","*","*","*","*","*","*","*","*","*","*","*","*","*","*","*","*","*","*","*","*","*","*","*","*"
"NL/241/93","*","*","<10","*","*","<10","*","*","*","<10","*","*","<10","*","*","*","<10","<10","*","<10","<10","*","*","*","*","*","<10","*","<10","*","*","*","*","*","*","40","78","*","*","335","<10","48","320","*","160","1280","453","1884","1810","*","*","1810","1280","1280","320","57","3836","*","2100","*","243","186","98","160","*","*","<40","*","*","160","*","*","*","*","*","*","*","*","*"
"NL/357/93","*","*","*","*","*","*","*","*","*","*","*","*","*","*","*","*","*","*","*","*","*","*","*","*","*","*","*","*","*","*","*","*","*","*","*","*","80","*","*","733","*","40","689","*","453","480","*","*","1920","800","80","*","2560","*","320","*","*","*","*","*","*","70","*","*","*","*","*","*","*","*","*","*","*","*","*","*","*","*","*"
"NL/371/93","*","*","*","*","*","*","*","*","*","*","*","*","*","*","*","*","*","*","*","*","*","*","*","*","*","*","*","*","*","*","*","*","*","*","*","*","40","*","*","77","*","20","153","*","80","1920","160","*","701","1120","140","*","554","*","212","20","*","*","*","*","*","75","*","*","*","*","*","*","*","*","*","*","*","*","*","*","*","*","*"
"NL/372/93","*","*","*","*","*","*","*","*","*","*","*","*","*","*","*","*","*","*","*","*","*","*","*","*","*","*","*","*","*","*","*","*","*","*","*","*","80","*","*","67","*","40","40","*","50","200","640","*","306","320","1280","*","480","*","1280","*","*","*","*","*","*","160","*","*","*","*","*","*","*","*","*","*","*","*","*","*","*","*","*"
"NL/398/93","*","*","*","*","*","*","*","*","*","*","*","*","*","*","*","*","*","*","*","*","*","*","*","*","*","*","*","*","*","*","*","*","*","*","*","*","160","*","*","1737","*","80","1224","*","640","2240","*","*","2240","1120","640","*","1600","*","1120","*","*","*","*","*","*","240","*","*","*","*","*","*","*","*","*","*","*","*","*","*","*","*","*"
"NL/399/93","*","*","*","*","*","*","*","*","*","*","*","*","*","*","*","*","*","*","*","*","*","*","*","*","*","*","*","*","*","*","*","*","*","*","*","*","80","*","*","117","*","40","190","*","92","70","320","*","423","240","560","*","400","*","280","*","*","*","*","*","*","400","*","*","*","*","*","*","*","*","*","*","*","*","*","*","*","*","*"
"NL/440/93","*","*","*","*","*","*","*","*","*","*","*","*","*","*","*","*","*","*","*","*","*","*","*","*","*","*","*","*","*","*","*","*","*","*","*","*","139","*","*","689","*","40","923","*","453","320","*","*","3200","560","80","*","1920","*","320","*","*","*","*","*","*","100","*","*","*","*","*","*","*","*","*","*","*","*","*","*","*","*","*"
"OS/2219/93","*","*","*","*","*","*","*","*","*","*","*","*","*","*","*","*","*","*","*","*","*","*","*","*","*","*","*","*","*","*","*","*","*","*","*","*","80","*","*","231","*","20","403","*","226","2560","*","*","4480","2560","400","*","3200","*","640","*","*","*","*","*","*","240","*","*","*","*","*","*","*","*","*","*","*","*","*","*","*","*","*"
"OS/2352/93","*","*","*","*","*","*","*","*","*","*","*","*","*","*","*","*","*","*","*","*","*","*","*","*","*","*","*","*","*","*","*","*","*","*","*","*","50","*","*","365","*","*","381","*","202","58","50","1280","927","315","20","160","1440","*","70","*","1280","*","*","*","*","35","*","*","*","*","*","*","*","*","*","*","*","*","*","*","*","*","*"
"PA/287/93","*","*","*","*","*","*","*","*","*","*","*","*","*","*","*","*","*","*","*","*","*","*","*","*","*","*","*","*","*","*","*","*","160","40","*","640","320","*","2560","*","640","1280","40","*","*","*","*","*","*","*","*","*","*","*","*","*","*","*","*","*","*","*","*","*","*","*","*","*","*","*","*","*","*","*","*","*","*","*","*"
"SD/9/93","*","<10","*","<10","<10","*","<10","*","<10","*","*","<10","*","<10","*","*","*","*","*","*","*","*","<10","*","*","*","*","*","*","*","*","<10","20","<10","*","*","*","<10","*","298","*","<10","506","160","253","*","71","640","969","252","*","160","640","320","35","20","328","320","160","*","*","40","*","*","*","*","*","*","*","*","*","*","*","*","*","*","*","*","*"
"SG/6/93","*","*","*","*","*","*","*","*","*","*","*","*","*","*","*","*","*","*","*","*","*","*","*","*","*","*","*","*","*","*","*","*","<10","<10","*","<10","<10","*","40","400","<40","<10","554","*","*","240","*","*","3200","400","20","*","1920","*","280","*","*","*","*","*","*","100","*","*","*","*","*","*","*","*","*","*","*","*","*","*","*","*","*"
"SL/142/93","*","*","*","*","*","*","*","*","*","*","*","*","*","*","*","*","*","*","*","*","*","*","*","*","*","*","*","*","*","*","*","*","*","*","*","*","*","*","*","1197","*","40","560","*","*","560","*","640","1224","320","50","160","280","*","120","*","*","*","*","*","*","80","*","*","*","*","*","*","*","*","*","*","*","*","*","*","*","*","*"
"SL/160/93","*","*","*","*","*","*","*","*","*","*","*","*","*","*","*","*","*","*","*","*","*","*","*","*","*","*","*","*","*","*","*","*","*","*","*","*","*","*","*","196","*","<40","320","*","*","2560","*","320","*","1280","280","640","1920","*","480","*","*","*","*","*","*","100","*","*","*","*","*","*","*","*","*","*","*","*","*","*","*","*","*"
"SP/3/93","*","*","*","*","*","*","*","*","*","*","*","*","*","*","*","*","*","*","*","*","*","*","*","*","*","*","*","*","*","*","*","*","*","*","*","*","40","*","*","345","*","20","386","*","320","120","80","*","2024","280","35","*","960","*","100","*","*","*","*","*","*","80","*","*","*","*","*","*","*","*","*","*","*","*","*","*","*","*","*"
"SP/19/93","*","*","*","*","*","*","*","*","*","*","*","*","*","*","*","*","*","*","*","*","*","*","*","*","*","*","*","*","*","*","*","*","*","*","*","*","80","*","*","*","*","40","110","*","80","140","320","*","320","320","1600","*","400","*","800","*","*","*","*","*","*","320","*","*","*","*","*","*","*","*","*","*","*","*","*","*","*","*","*"
"ST/20/93","*","*","*","*","*","*","*","*","*","*","*","*","*","*","*","*","*","*","*","*","*","*","*","*","*","*","*","*","*","*","*","*","*","*","*","*","183","*","*","402","*","92","421","*","291","3840","453","*","1781","2395","320","*","2240","*","453","80","*","*","*","*","*","416","*","*","*","*","*","*","*","*","*","*","*","*","*","*","*","*","*"
"VI/104/93","*","*","*","*","*","*","*","*","*","*","*","*","*","*","*","*","*","*","*","*","*","*","*","*","*","*","*","*","*","*","*","*","*","*","*","*","40","*","*","386","*","20","640","*","320","160","*","*","3200","320","90","*","800","*","140","*","*","*","*","*","*","240","*","*","*","*","*","*","*","*","*","*","*","*","*","*","*","*","*"
"WE/59/93","*","*","*","*","*","*","*","*","*","*","*","*","*","*","*","*","*","*","*","*","*","*","*","*","*","*","*","*","*","*","*","*","*","*","*","*","40","*","*","231","*","10","350","*","113","960","*","*","1120","1280","120","*","1600","*","280","*","*","*","*","*","*","200","*","*","*","*","*","*","*","*","*","*","*","*","*","*","*","*","*"
"YA/56/93","*","*","*","*","*","*","*","*","*","*","*","*","*","*","*","*","*","*","*","*","*","*","*","*","*","*","*","*","*","*","*","*","<10","<10","*","<10","40","*","<10","320","<40","<10","599","*","*","160","*","*","1600","320","25","*","1120","*","120","*","*","*","*","*","*","100","*","*","*","*","*","*","*","*","*","*","*","*","*","*","*","*","*"
"YA/61/93","*","*","*","*","*","*","*","*","*","*","*","*","*","*","*","*","*","*","*","*","*","*","*","*","*","*","*","*","*","*","*","*","<10","<10","*","<10","20","*","40","180","<40","<10","*","*","*","70","*","*","560","140","13","*","400","*","50","*","*","*","*","*","*","13","*","*","*","*","*","*","*","*","*","*","*","*","*","*","*","*","*"
"YA/62/93","*","*","*","*","*","*","*","*","*","*","*","*","*","*","*","*","*","*","*","*","*","*","*","*","*","*","*","*","*","*","*","*","<10","<10","*","<10","<10","*","40","200","<40","<10","423","*","*","70","*","*","1120","200","45","*","800","*","90","*","*","*","*","*","*","90","*","*","*","*","*","*","*","*","*","*","*","*","*","*","*","*","*"
"EN/7/94","*","*","*","*","*","*","*","*","*","*","*","*","*","*","*","*","*","*","*","*","*","*","*","*","*","*","*","*","*","*","*","*","*","*","*","*","*","*","*","57","*","<40","80","*","*","400","*","80","193","560","3200","1280","640","*","2240","*","*","*","*","*","*","480","*","*","*","*","*","*","*","*","*","*","*","*","*","*","*","*","*"
"HK/1/94","*","*","*","*","*","*","*","*","*","*","*","*","*","*","*","*","*","*","*","*","*","*","*","*","*","*","*","*","*","*","*","*","*","*","*","*","160","*","*","212","*","160","196","*","160","1920","160","*","1568","2560","400","*","3200","*","640","*","*","*","*","*","*","160","*","*","*","*","*","*","*","*","*","*","*","*","*","*","*","*","*"
"HK/2/94","*","*","*","*","*","*","*","*","*","*","*","*","*","*","*","*","*","*","*","*","*","*","*","*","*","*","*","*","*","*","*","*","*","*","*","*","160","*","*","277","*","80","196","*","160","1120","160","*","1197","960","240","*","800","*","280","*","*","*","*","*","*","160","*","*","*","*","*","*","*","*","*","*","*","*","*","*","*","*","*"
"HK/55/94","*","*","*","*","*","*","*","*","*","*","*","*","*","*","*","*","*","*","*","*","*","*","*","*","*","*","*","*","*","*","*","*","*","*","*","*","80","*","*","291","*","80","299","*","160","2326","320","1280","1338","2326","2240","1280","1600","*","1920","*","2560","*","*","*","*","560","*","*","*","*","*","*","*","*","*","*","*","*","*","*","*","*","*"
"HK/56/94","*","*","*","*","*","*","*","*","*","*","*","*","*","*","*","*","*","*","*","*","*","*","*","*","*","*","*","*","*","*","*","*","*","*","*","*","160","*","*","320","*","80","358","*","160","4480","320","*","2217","4480","400","*","4480","*","1600","*","*","*","*","*","*","320","*","*","*","*","*","*","*","*","*","*","*","*","*","*","*","*","*"
"JO/33/94","<10","*","*","<10","<10","*","<10","*","<10","*","*","<10","*","<10","*","*","*","*","*","*","*","*","<10","*","*","*","*","*","*","*","*","<10","20","<10","*","*","<10","<10","*","*","*","<40","*","53","*","907","80","298","300","*","40","1280","254","640","253","*","884","158","1555","*","80","80","*","<10","20","*","<40","*","<10","40","*","*","*","*","*","*","*","*","*"
"JO/47/94","*","*","*","*","*","*","*","*","*","*","*","*","*","*","*","*","*","*","*","*","*","*","*","*","*","*","*","*","*","*","*","*","*","*","*","*","*","*","*","*","*","<40","200","*","*","1197","320","320","583","1358","70","1280","140","*","45","*","1280","*","*","*","*","40","*","*","*","*","*","*","*","*","*","*","*","*","*","*","*","*","*"
"NL/18/94","<10","*","*","*","<10","*","*","*","*","*","*","*","*","*","*","*","*","*","*","*","*","*","<10","*","*","*","*","*","*","*","*","*","*","<10","*","*","*","*","*","400","*","*","400","19","*","*","*","*","3840","*","400","*","2880","*","733","69","63","640","210","*","*","214","53","<10","253","*","*","*","<10","*","*","*","*","*","*","*","*","*","*"
"SA/15/94","*","*","*","*","*","*","*","*","*","*","*","*","*","*","*","*","*","*","*","*","*","*","*","*","*","*","*","*","*","*","*","*","*","*","*","*","160","*","*","554","*","80","554","*","160","2240","320","*","2024","5120","480","*","10240","*","960","*","*","*","*","*","*","320","*","*","*","*","*","*","*","*","*","*","*","*","*","*","*","*","*"
"SA/25/94","*","*","*","*","*","*","*","*","*","*","*","*","*","*","*","*","*","*","*","*","*","*","*","*","*","*","*","*","*","*","*","*","*","*","*","*","160","*","*","599","*","80","320","*","80","5120","160","*","2560","6400","480","*","7680","*","960","*","*","*","*","*","*","320","*","*","*","*","*","*","*","*","*","*","*","*","*","*","*","*","*"
"FI/338/95","*","*","*","*","*","*","*","*","*","*","*","*","*","*","*","*","*","*","*","*","*","*","*","*","*","*","*","*","*","*","*","*","*","*","*","*","*","*","*","*","*","101","160","*","*","*","320","160","180","278","2560","640","1177","1016","*","80","139","640","640","*","*","733","*","*","*","*","*","*","*","*","*","*","*","*","*","*","*","*","*"
"FI/339/95","*","*","*","*","*","*","*","*","*","*","*","*","*","*","*","*","*","*","*","*","*","*","*","*","*","*","*","*","*","*","*","*","*","*","*","*","*","*","*","20","*","<40","40","*","*","*","*","80","101","462","1920","*","640","640","1109","*","226","320","1280","*","*","280","*","*","*","*","*","*","*","*","*","*","*","*","*","*","*","*","*"
"FI/381/95","*","*","*","*","*","*","*","*","*","*","*","*","*","*","*","*","*","*","*","*","*","*","*","*","*","*","*","*","*","*","*","*","*","*","*","*","*","*","*","20","*","<40","70","*","*","640","*","*","240","454","1280","*","749","489","1109","100","277","531","867","*","*","320","*","*","*","*","*","*","*","*","*","*","*","*","*","*","*","*","*"
"GE/A9509/95","*","*","*","*","*","*","*","*","*","*","*","*","*","*","*","*","*","*","*","*","*","*","*","*","*","*","*","*","*","*","*","*","*","*","*","*","*","*","*","113","*","57","80","*","*","*","320","226","263","337","60","320","640","1280","254","40","320","160","806","*","*","120","*","*","*","*","*","*","*","*","*","*","*","*","*","*","*","*","*"
"HK/3/95","*","*","*","*","*","*","*","*","*","*","*","*","*","*","*","*","*","*","*","*","*","*","*","*","*","*","*","*","*","*","*","*","*","*","*","*","*","*","*","320","*","80","640","*","*","733","*","1280","1943","1358","160","*","1920","*","280","*","2560","*","*","*","*","560","*","*","*","*","*","*","*","*","*","*","*","*","*","*","*","*","*"
"HK/32/95","*","*","*","*","*","*","*","*","*","*","*","*","*","*","*","*","*","*","*","*","*","*","*","*","*","*","*","*","*","*","*","*","*","*","*","*","*","*","*","277","*","80","240","*","*","2930","640","1810","1595","3225","160","2560","1280","*","640","*","5120","*","*","*","*","320","*","*","*","*","*","*","*","*","*","*","*","*","*","*","*","*","*"
"HK/38/95","*","*","*","*","*","*","*","*","*","*","*","*","*","*","*","*","*","*","*","*","*","*","*","*","*","*","*","*","*","*","*","*","*","*","*","*","*","*","*","480","*","80","480","*","*","960","*","*","960","1280","320","*","1280","2560","960","80","1280","640","1280","*","*","640","*","*","*","*","*","*","*","*","*","*","*","*","*","*","*","*","*"
"HK/49/95","*","*","*","*","*","*","*","*","*","*","*","*","*","*","*","*","*","*","*","*","*","*","*","*","*","*","*","*","*","*","*","*","*","*","*","*","*","*","*","20","*","120","60","*","*","320","*","*","320","762","3200","*","1037","960","3840","80","800","1920","1280","*","*","960","*","*","*","*","*","*","*","*","*","*","*","*","*","*","*","*","*"
"HK/55/95","*","*","*","*","*","*","*","*","*","*","*","*","*","*","*","*","*","*","*","*","*","*","*","*","*","*","*","*","*","*","*","*","*","*","*","*","*","*","*","640","*","73","1120","*","*","200","*","*","1920","323","800","*","826","584","558","567","221","489","315","*","1280","1171","1280","320","*","*","80","*","*","1280","*","*","*","*","*","*","*","*","*"
"LY/2279/95","<10","*","*","*","<10","*","*","*","*","*","*","*","*","*","*","*","*","*","*","*","*","*","<10","*","*","*","*","*","*","*","*","*","*","<10","*","*","*","*","*","*","*","88","*","*","*","*","*","*","320","497","587","*","1071","618","794","124","459","770","403","*","640","512","204","*","480","*","320","*","120","366","*","*","*","*","*","*","*","*","*"
"NA/933/95","<10","*","*","*","<10","*","*","*","*","*","*","*","*","*","*","*","*","*","*","*","*","*","<10","*","*","*","*","*","*","*","*","*","*","*","*","*","*","*","*","140","*","98","320","*","*","85","*","*","420","*","*","*","*","413","*","613","140","366","355","*","*","784","1600","55","480","160","80","*","90","1817","*","*","*","*","*","*","*","*","*"
"NL/1/95","<10","*","<10","*","<10","<10","*","*","*","<10","*","*","<10","*","*","*","<10","<10","*","<10","<10","*","<10","*","*","*","<10","*","<10","*","*","*","*","<10","*","<10","<10","*","*","320","<10","74","*","*","*","1402","453","1301","1092","1607","560","1280","1613","2833","529","*","4318","269","3763","*","92","*","*","*","20","*","<40","*","<10","101","*","*","*","*","*","*","*","*","*"
"NL/271/95","*","*","*","*","*","*","*","*","*","*","*","*","*","*","*","*","*","*","*","*","*","*","*","*","*","*","*","*","*","*","*","*","*","*","*","*","*","*","*","<5","*","80","13","*","*","280","*","*","70","243","3840","*","599","320","4480","160","320","1280","640","*","*","960","*","*","*","*","*","*","*","*","*","*","*","*","*","*","*","*","*"
"ST/506/95","*","*","*","*","*","*","*","*","*","*","*","*","*","*","*","*","*","*","*","*","*","*","*","*","*","*","*","*","*","*","*","*","*","*","*","*","*","*","*","*","*","40","160","*","*","1280","160","392","442","865","240","640","2024","2560","800","80","602","640","1280","*","*","320","*","*","*","*","*","*","*","*","*","*","*","*","*","*","*","*","*"
"VI/75/95","*","*","*","*","*","*","*","*","*","*","*","*","*","*","*","*","*","*","*","*","*","*","*","*","*","*","*","*","*","*","*","*","*","*","*","*","*","*","*","320","*","40","320","*","*","1280","*","*","1280","549","320","*","792","800","1120","50","720","280","960","*","*","320","*","*","*","*","*","*","*","*","*","*","*","*","*","*","*","*","*"
"WU/359/95","*","*","*","*","*","*","*","*","*","*","*","*","*","*","*","*","*","*","*","*","*","*","*","*","*","*","*","*","*","*","*","*","*","*","*","*","*","*","*","*","*","52","*","*","*","*","*","*","*","195","*","*","427","370","177","481","89","185","167","2560","970","443","861","320","*","113","320","60","*","1810","20","*","*","*","*","*","*","*","*"
"BR/8/96","*","*","*","*","*","*","*","*","*","*","*","*","*","*","*","*","*","*","*","*","*","*","*","*","*","*","*","*","*","*","*","*","*","*","*","*","*","*","*","100","*","*","100","*","*","120","*","*","198","71","280","*","*","113","162","389","*","*","133","*","640","908","*","640","*","*","320","*","*","160","*","*","*","*","*","*","*","*","*"
"GE/3958/96","*","*","*","*","*","*","*","*","*","*","*","*","*","*","*","*","*","*","*","*","*","*","*","*","*","*","*","*","*","*","*","*","*","*","*","*","*","*","*","80","*","160","120","*","*","50","*","*","320","524","320","*","757","757","610","1214","370","757","559","*","2560","1208","2560","1280","*","*","320","*","*","5120","*","*","*","*","*","*","*","*","*"
"HK/20/96","*","*","*","*","*","*","*","*","*","*","*","*","*","*","*","*","*","*","*","*","*","*","*","*","*","*","*","*","*","*","*","*","*","*","*","*","*","*","*","80","*","160","80","*","*","80","*","*","320","269","320","*","554","640","614","473","195","640","336","*","1280","1199","1280","640","*","*","1002","*","*","1280","*","*","*","*","*","*","*","*","*"
"HK/42/96","*","*","*","*","*","*","*","*","*","*","*","*","*","*","*","*","*","*","*","*","*","*","*","*","*","*","*","*","*","*","*","*","*","*","*","*","*","*","*","120","*","80","90","*","*","200","*","*","320","1054","160","*","1358","1280","287","48","1324","320","1233","*","153","92","*","320","*","*","<40","*","*","80","*","*","*","*","*","*","*","*","*"
"HK/357/96","*","*","*","*","*","*","*","*","*","*","*","*","*","*","*","*","*","*","*","*","*","*","*","*","*","*","*","*","*","*","*","*","*","*","*","*","*","*","*","100","*","160","120","*","*","160","*","*","400","366","400","*","784","640","960","320","160","640","640","*","*","2560","*","*","*","*","*","*","*","*","*","*","*","*","*","*","*","*","*"
"HK/358/96","*","*","*","*","*","*","*","*","*","*","*","*","*","*","*","*","*","*","*","*","*","*","*","*","*","*","*","*","*","*","*","*","*","*","*","*","*","*","*","60","*","80","60","*","*","40","*","*","240","202","240","*","240","320","320","240","120","160","160","*","*","640","*","*","*","*","*","*","*","*","*","*","*","*","*","*","*","*","*"
"HK/434/96","*","*","*","*","*","*","*","*","*","*","*","*","*","*","*","*","*","*","*","*","*","*","*","*","*","*","*","*","*","*","*","*","*","*","*","*","*","*","*","80","*","<40","80","*","*","2240","*","*","320","1224","140","*","423","640","183","*","453","160","905","*","<40","59","<40","*","*","*","*","*","*","*","*","*","*","*","*","*","*","*","*"
"LY/1781/96","*","*","*","*","*","*","*","*","*","*","*","*","*","*","*","*","*","*","*","*","*","*","*","*","*","*","*","*","*","*","*","*","*","*","*","*","*","*","*","100","*","*","200","*","*","100","*","*","640","240","360","*","560","*","569","905","320","*","320","*","*","614","*","*","*","*","*","*","*","*","*","*","*","*","*","*","*","*","*"
"NL/91/96","*","*","*","*","*","*","*","*","*","*","*","*","*","*","*","*","*","*","*","*","*","*","*","*","*","*","*","*","*","*","*","*","*","*","*","*","*","*","*","640","*","160","40","*","*","720","*","*","720","*","80","*","784","1280","200","*","1280","640","2560","*","*","60","*","*","*","*","*","*","*","*","*","*","*","*","*","*","*","*","*"
"SP/1/96","<10","*","*","*","<10","*","*","*","*","*","*","*","*","*","*","*","*","*","*","*","*","*","<10","*","*","*","*","*","*","*","*","*","*","<10","*","*","*","*","*","280","*","57","140","*","*","106","*","*","1120","218","*","*","*","226","488","505","128","166","135","*","685","606","747","*","720","*","320","*","100","*","*","*","*","*","*","*","*","*","*"
"AU/10/97","<10","*","*","*","<10","*","*","*","*","*","*","*","*","*","*","*","*","*","*","*","*","*","<10","*","*","*","*","*","*","*","*","*","*","<10","*","*","*","*","*","*","*","*","*","<10","*","<10","*","*","*","<10","38","*","*","*","*","*","*","16","*","*","80","223","*","4434","60","*","2560","*","7680","196","*","*","*","*","*","*","*","*","*"
"HK/1/97","*","*","*","*","*","*","*","*","*","*","*","*","*","*","*","*","*","*","*","*","*","*","*","*","*","*","*","*","*","*","*","*","*","*","*","*","*","*","*","120","*","*","160","*","*","240","*","*","160","80","160","*","80","*","400","513","187","*","266","*","1280","969","1280","320","*","*","105","*","*","1846","*","*","*","*","*","*","*","*","*"
"HK/280/97","*","*","*","*","*","*","*","*","*","*","*","*","*","*","*","*","*","*","*","*","*","*","*","*","*","*","*","*","*","*","*","*","*","*","*","*","*","*","*","*","*","*","*","*","*","*","*","*","*","*","*","*","*","*","320","516","80","*","96","*","923","753","640","640","*","*","320","*","*","923","*","*","*","*","*","*","*","*","*"
"JO/10/97","*","*","*","*","*","*","*","*","*","*","*","*","*","*","*","*","*","*","*","*","*","*","*","*","*","*","*","*","*","*","*","*","*","*","*","*","*","*","*","120","*","*","320","*","*","90","*","*","358","98","320","*","253","*","264","278","80","*","160","*","*","494","*","*","*","*","*","*","*","*","*","*","*","*","*","*","*","*","*"
"NE/491/97","*","*","*","*","*","*","*","*","*","*","*","*","*","*","*","*","*","*","*","*","*","*","*","*","*","*","*","*","*","*","*","*","*","*","*","*","*","*","*","*","*","*","*","*","*","*","*","*","*","160","*","*","*","*","320","378","109","*","105","*","462","467","640","640","*","*","250","*","*","923","*","*","*","*","*","*","*","*","*"
"NL/300/97","<10","*","*","*","<10","*","*","*","*","*","*","*","*","*","*","*","*","*","*","*","*","*","<10","*","*","*","*","*","*","*","*","*","*","<10","*","*","<10","*","*","*","*","*","*","<10","*","<10","*","*","*","<10","*","*","*","*","63","*","*","*","*","*","115","381","48","3880","160","*","2560","*","2560","211","*","*","*","*","*","*","*","*","*"
"OS/21/97","*","*","*","*","*","*","*","*","*","*","*","*","*","*","*","*","*","*","*","*","*","*","*","*","*","*","*","*","*","*","*","*","*","*","*","*","*","*","*","50","*","*","800","*","*","70","*","*","560","160","1120","*","1120","*","402","453","80","*","160","*","*","556","*","*","*","*","*","*","*","*","*","*","*","*","*","*","*","*","*"
"OS/244/97","*","*","*","*","*","*","*","*","*","*","*","*","*","*","*","*","*","*","*","*","*","*","*","*","*","*","*","*","*","*","*","*","*","*","*","*","*","*","*","160","*","*","160","*","*","60","*","*","320","240","320","*","560","*","368","640","160","*","320","*","*","678","*","*","*","*","*","*","*","*","*","*","*","*","*","*","*","*","*"
"SY/5/97","<10","*","*","*","<10","*","*","*","*","*","*","*","*","*","*","*","*","*","*","*","*","*","<10","*","*","*","*","*","*","*","*","*","*","<10","*","*","<10","*","*","<5","*","*","<5","<10","*","<5","*","*","<5","<5","*","*","70","*","45","*","*","<10","*","320","80","116","*","3880","45","3541","3880","3840","2880","88","1353","2032","1466","1600","640","160","480","320","1280"
"NL/5/98","<10","*","*","*","<10","*","*","*","*","*","*","*","*","*","*","*","*","*","*","*","*","*","<10","*","*","*","*","*","*","*","*","*","*","<10","*","*","*","*","*","200","*","*","100","*","*","99","*","*","480","400","640","*","1120","*","422","383","160","*","*","1810","1280","475","2104","79","960","160","164","60","80","3056","80","*","*","30","*","<10","*","10","<10"
"NL/414/98","<10","*","*","*","<10","*","*","*","*","*","*","*","*","*","*","*","*","*","*","*","*","*","*","*","*","*","*","*","*","*","*","*","*","*","*","*","*","*","*","*","*","*","*","*","*","*","*","*","*","*","*","*","*","*","*","640","*","*","*","320","*","317","67","3413","120","1533","2560","1280","3200","*","1934","*","*","*","*","*","*","*","*"
"NL/427/98","<10","*","*","*","<10","*","*","*","*","*","*","*","*","*","*","*","*","*","*","*","*","*","<10","*","*","*","*","*","*","*","*","*","*","<10","*","*","*","*","*","*","*","*","*","<10","*","*","*","*","*","*","*","*","*","*","*","30","*","*","*","*","*","145","30","2560","*","2217","1280","1280","2560","115","*","*","*","*","*","*","*","*","*"
"NL/462/98","*","*","*","*","*","*","*","*","*","*","*","*","*","*","*","*","*","*","*","*","*","*","*","*","*","*","*","*","*","*","*","*","*","*","*","*","*","*","*","*","*","*","*","*","*","*","*","*","*","*","*","*","*","*","*","960","*","*","*","80","*","*","*","*","*","3004","7680","960","*","*","1604","1280","*","*","*","80","*","320","640"
"MW/10/99","*","*","*","*","*","*","*","*","*","*","*","*","*","*","*","*","*","*","*","*","*","*","*","*","*","*","*","*","*","*","*","*","*","*","*","*","*","*","*","*","*","*","*","*","*","*","*","*","*","*","*","*","*","*","*","*","*","*","*","80","*","58","*","*","*","1201","*","*","*","160","*","403","1197","960","599","40","480","160","160"
"NL/301/99","*","*","*","*","*","*","*","*","*","*","*","*","*","*","*","*","*","*","*","*","*","*","*","*","*","*","*","*","*","*","*","*","*","*","*","*","*","*","*","*","*","*","*","*","*","*","*","*","*","*","*","*","*","*","*","*","*","*","*","80","*","86","*","*","*","1874","*","*","*","320","2486","1280","1920","*","2560","*","1280","*","*"
"PM/2007/99","*","*","*","*","*","*","*","*","*","*","*","*","*","*","*","*","*","*","*","*","*","*","*","*","*","*","*","*","*","*","*","*","*","*","*","*","*","*","*","*","*","*","*","*","*","*","*","*","*","*","*","*","*","*","*","*","*","*","*","*","*","*","*","*","*","1753","*","*","*","*","1465","2189","2933","2240","2217","40","2560","320","1280"
"NL/3/00","*","*","*","*","*","*","*","*","*","*","*","*","*","*","*","*","*","*","*","*","*","*","*","*","*","*","*","*","*","*","*","*","*","*","*","*","*","*","*","*","*","*","*","*","*","*","*","*","20","25","*","*","*","*","35","320","*","*","*","80","*","*","*","*","*","458","*","*","*","80","694","*","*","*","*","*","*","*","*"
"NL/118/01","*","*","*","*","*","*","*","*","*","*","*","*","*","*","*","*","*","*","*","*","*","*","*","*","*","*","*","*","*","*","*","*","*","*","*","*","*","*","*","*","*","*","*","*","*","*","*","*","*","*","*","*","*","*","*","*","*","*","*","*","*","*","*","*","*","*","*","*","*","*","3505","3387","2933","3840","2024","*","1280","*","*"
"NL/124/01","*","*","*","*","*","*","*","*","*","*","*","*","*","*","*","*","*","*","*","*","*","*","*","*","*","*","*","*","*","*","*","*","*","*","*","*","*","*","*","*","*","*","*","*","*","25","*","*","*","*","*","*","*","*","80","160","*","*","*","160","*","280","40","*","*","480","*","*","*","*","1440","640","1440","1011","960","640","*","640","1120"
"NL/126/01","*","*","*","*","*","*","*","*","*","*","*","*","*","*","*","*","*","*","*","*","*","*","*","*","*","*","*","*","*","*","*","*","*","*","*","*","*","*","*","*","*","*","*","*","*","*","*","*","*","*","*","*","*","*","*","*","*","*","*","*","*","*","*","*","*","669","*","*","*","*","784","847","1339","1440","1358","*","960","*","*"
"FU/411/02","*","*","*","*","*","*","*","*","*","*","*","*","*","*","*","*","*","*","*","*","*","*","*","*","*","*","*","*","*","*","*","*","*","*","*","*","*","*","*","*","*","*","*","*","*","<10","*","*","*","*","*","*","*","*","<10","<10","*","*","*","<10","*","<10","10","*","*","*","*","*","*","*","160","320","*","560","*","2971","*","2342","101"
"NL/1/02","*","*","*","*","*","*","*","*","*","*","*","*","*","*","*","*","*","*","*","*","*","*","*","*","*","*","*","*","*","*","*","*","*","*","*","*","*","*","*","*","*","*","*","*","*","25","*","*","40","*","*","*","*","*","37","166","*","*","*","120","*","243","15","*","*","240","*","*","*","*","640","320","480","320","480","320","640","560","640"
"NL/120/02","*","*","*","*","*","*","*","*","*","*","*","*","*","*","*","*","*","*","*","*","*","*","*","*","*","*","*","*","*","*","*","*","*","*","*","*","*","*","*","*","*","*","*","*","*","*","*","*","*","*","*","*","*","*","*","*","*","*","*","*","*","*","*","*","*","1920","*","*","*","*","1920","1920","1920","*","1920","*","1920","*","*"
"FI/170/03","*","*","*","*","*","*","*","*","*","*","*","*","*","*","*","*","*","*","*","*","*","*","*","*","*","*","*","*","*","*","*","*","*","*","*","*","*","*","*","*","*","*","*","*","*","<10","*","*","*","*","*","*","*","*","20","20","*","*","*","20","*","50","<10","*","*","*","*","*","*","*","1280","1280","*","640","*","5120","*","5120","738"
"NL/20/03","*","*","*","*","*","*","*","*","*","*","*","*","*","*","*","*","*","*","*","*","*","*","*","*","*","*","*","*","*","*","*","*","*","*","*","*","*","*","*","*","*","*","*","*","*","100","*","*","*","*","*","*","*","*","160","200","*","*","*","280","*","640","160","*","*","800","*","*","*","*","1440","1280","2240","2021","1440","320","*","1120","3840"
"NL/22/03","*","*","*","*","*","*","*","*","*","*","*","*","*","*","*","*","*","*","*","*","*","*","*","*","*","*","*","*","*","*","*","*","*","*","*","*","*","*","*","*","*","*","*","*","*","<10","*","*","*","*","*","*","*","*","40","25","*","*","*","25","*","100","15","*","*","60","*","*","*","*","160","113","70","*","80","3225","*","3225","508"
"NL/213/03","*","*","*","*","*","*","*","*","*","*","*","*","*","*","*","*","*","*","*","*","*","*","*","*","*","*","*","*","*","*","*","*","*","*","*","*","*","*","*","*","*","*","*","*","*","<10","*","*","*","*","*","*","*","*","50","70","*","*","*","40","*","200","25","*","*","*","*","*","*","*","640","1280","*","1600","*","8127","*","5941","1171"
"NL/217/03","*","*","*","*","*","*","*","*","*","*","*","*","*","*","*","*","*","*","*","*","*","*","*","*","*","*","*","*","*","*","*","*","*","*","*","*","*","*","*","*","*","*","*","*","*","<10","*","*","*","*","*","*","*","*","15","15","*","*","*","15","*","40","<10","*","*","*","*","*","*","*","640","640","*","560","*","4064","*","4064","254"
"NL/222/03","*","*","*","*","*","*","*","*","*","*","*","*","*","*","*","*","*","*","*","*","*","*","*","*","*","*","*","*","*","*","*","*","*","*","*","*","*","*","*","*","*","*","*","*","*","<10","*","*","*","*","*","*","*","*","60","50","*","*","*","30","*","100","30","*","*","200","*","*","*","*","358","392","960","504","280","6709","*","5941","738"
